comentario_id,usuario_id,conteudo_id,avaliacao,comentario,tags,data,_execucao_id,_origem,_ingerido_em
5949,95,179,4,"Excelente conteúdo, dúvidas no zap [telefone]","['devops', 'sql']",2026-09-20,5696f833-18ca-47bb-bf57-b6bf6b57699f,dados/brutos/lote_2/comentarios.json,2026-09-29 02:15:20.326650+00:00
5632,50,297,4,Gostei muito! Quem quiser trocar material me chama em [email],"['dashboard', 'dados']",2026-09-17,5696f833-18ca-47bb-bf57-b6bf6b57699f,dados/brutos/lote_2/comentarios.json,2026-09-29 02:15:20.326650+00:00
6242,135,853,4,A didática não funcionou para mim. Explicação confusa em vários momentos.,"['clean-code', 'pandas', 'metadados']",2026-09-26,5696f833-18ca-47bb-bf57-b6bf6b57699f,dados/brutos/lote_2/comentarios.json,2026-09-29 02:15:20.326650+00:00
6266,138,973,5,Uma das melhores explicações sobre o assunto que já encontrei na plataforma.,"['embeddings', 'deep-learning']",2026-09-26,5696f833-18ca-47bb-bf57-b6bf6b57699f,dados/brutos/lote_2/comentarios.json,2026-09-29 02:15:20.326650+00:00
5661,54,323,5,"Cobre o essencial para iniciantes, porém esperado tópicos mais avançados no final.","['anonimizacao', 'bi']",2026-09-26,5696f833-18ca-47bb-bf57-b6bf6b57699f,dados/brutos/lote_2/comentarios.json,2026-09-29 02:15:20.326650+00:00
5882,86,336,5,"Boa introdução ao tema, porém o ritmo em alguns momentos ficou um pouco arrastado.",['rag'],2026-09-26,5696f833-18ca-47bb-bf57-b6bf6b57699f,dados/brutos/lote_2/comentarios.json,2026-09-29 02:15:20.326650+00:00
5827,78,358,4,Uma das melhores explicações sobre o assunto que já encontrei na plataforma.,['spark'],2026-09-24,5696f833-18ca-47bb-bf57-b6bf6b57699f,dados/brutos/lote_2/comentarios.json,2026-09-29 02:15:20.326650+00:00
6356,162,652,3,"Cobre o essencial para iniciantes, porém esperado tópicos mais avançados no final.","['dados', 'nosql']",2026-09-24,5696f833-18ca-47bb-bf57-b6bf6b57699f,dados/brutos/lote_2/comentarios.json,2026-09-29 02:15:20.326650+00:00
5325,4,829,4,A didática não funcionou para mim. Explicação confusa em vários momentos.,"['lgpd', 'oop', 'eda']",2026-09-24,5696f833-18ca-47bb-bf57-b6bf6b57699f,dados/brutos/lote_2/comentarios.json,2026-09-29 02:15:20.326650+00:00
5721,63,760,5,"Excelente conteúdo teórico, com bons exemplos para fixar o aprendizado.","['prático', 'rag', 'pytest']",2026-09-23,5696f833-18ca-47bb-bf57-b6bf6b57699f,dados/brutos/lote_2/comentarios.json,2026-09-29 02:15:20.326650+00:00
5452,24,39,5,"Conteúdo razoável, atende ao básico, mas senti falta de maior aprofundamento.",['sql'],2026-09-23,5696f833-18ca-47bb-bf57-b6bf6b57699f,dados/brutos/lote_2/comentarios.json,2026-09-29 02:15:20.326650+00:00
5419,19,237,5,Apresentação muito clara e objetiva. Recomendo para quem está estudando a área.,"['spark', 'teórico', 'pandas']",2026-09-23,5696f833-18ca-47bb-bf57-b6bf6b57699f,dados/brutos/lote_2/comentarios.json,2026-09-29 02:15:20.326650+00:00
5880,86,54,4,Uma das melhores explicações sobre o assunto que já encontrei na plataforma.,['spark'],2026-09-23,5696f833-18ca-47bb-bf57-b6bf6b57699f,dados/brutos/lote_2/comentarios.json,2026-09-29 02:15:20.326650+00:00
6360,166,230,4,Sensacional! O instrutor domina o assunto e os conceitos ficaram cristalinos.,"['recomendado', 'anonimizacao']",2026-09-23,5696f833-18ca-47bb-bf57-b6bf6b57699f,dados/brutos/lote_2/comentarios.json,2026-09-29 02:15:20.326650+00:00
6054,108,696,5,"Conteúdo excelente, muito didático e com exemplos práticos aplicáveis.","['mongodb', 'didático']",2026-09-23,5696f833-18ca-47bb-bf57-b6bf6b57699f,dados/brutos/lote_2/comentarios.json,2026-09-29 02:15:20.326650+00:00
5911,89,562,5,"Conteúdo razoável, atende ao básico, mas senti falta de maior aprofundamento.","['eda', 'devops', 'dataops']",2026-09-22,5696f833-18ca-47bb-bf57-b6bf6b57699f,dados/brutos/lote_2/comentarios.json,2026-09-29 02:15:20.326650+00:00
5585,44,312,4,"Excelente conteúdo teórico, com bons exemplos para fixar o aprendizado.",['dataops'],2026-09-22,5696f833-18ca-47bb-bf57-b6bf6b57699f,dados/brutos/lote_2/comentarios.json,2026-09-29 02:15:20.326650+00:00
5741,67,412,4,Conteúdo bastante completo e relevante. Apenas gostaria de mais exercícios práticos.,"['iniciante', 'kpis', 'lakehouse']",2026-09-22,5696f833-18ca-47bb-bf57-b6bf6b57699f,dados/brutos/lote_2/comentarios.json,2026-09-29 02:15:20.326650+00:00
5917,90,491,4,Sensacional! O instrutor domina o assunto e os conceitos ficaram cristalinos.,['superset'],2026-09-22,5696f833-18ca-47bb-bf57-b6bf6b57699f,dados/brutos/lote_2/comentarios.json,2026-09-29 02:15:20.326650+00:00
6308,145,822,4,"Explicações adequadas, mas faltou demonstrar mais casos reais de uso.",['rag'],2026-09-22,5696f833-18ca-47bb-bf57-b6bf6b57699f,dados/brutos/lote_2/comentarios.json,2026-09-29 02:15:20.326650+00:00
