conteudo_id,titulo,tipo,categoria,nivel,carga_horaria_min,data_publicacao,descricao,autor,_execucao_id,_origem,_ingerido_em
1046,Estudo Técnico e Decisões de Arquitetura em Particionamento e Alta Disponibilidade em Bancos,Artigo,Banco de Dados,Intermediário,5,2026-08-01,"Artigo técnico detalhado que explora Particionamento e Alta Disponibilidade em Bancos sob uma ótica técnica e conceitual. Focado em nível intermediário, aborda trade-offs arquiteturais, vantagens competitivas, padrões recomendados e diretrizes fundamentais para especialistas que atuam em Banco de Dados.",Prof. Lucas Fernandes Prado,5696f833-18ca-47bb-bf57-b6bf6b57699f,dados/brutos/lote_2/catalogo.csv,2026-09-29 02:15:20.082792+00:00
1045,Papo de Dados Ep. 108: Desvendando Prevenção contra Vazamentos e Segurança em APIs,Podcast,Segurança & Governança,Avançado,76,2026-08-02,"Episódio enriquecedor com debates aprofundados sobre Prevenção contra Vazamentos e Segurança em APIs. Nesta gravação para o público de nível avançado, especialistas compartilham experiências práticas, desafios reais do mercado e reflexões sobre impactos estratégicos e técnicos em Segurança & Governança.",Eng. Rodrigo Alves Mendonça,5696f833-18ca-47bb-bf57-b6bf6b57699f,dados/brutos/lote_2/catalogo.csv,2026-09-29 02:15:20.082792+00:00
1041,Melhores Práticas e Arquitetura de Storytelling com Dados para Apresentações Executivas,Vídeo,Business Intelligence,Intermediário,45,2026-08-01,"Vídeo prático e objetivo apresentando a aplicação de Storytelling com Dados para Apresentações Executivas. Em formato hands-on com nível intermediário, o conteúdo demonstra resolução de problemas reais, passo a passo detalhado e dicas essenciais de implementação para acelerar seu domínio em Business Intelligence.",Eng. Thiago Pinheiro Borges,5696f833-18ca-47bb-bf57-b6bf6b57699f,dados/brutos/lote_2/catalogo.csv,2026-09-29 02:15:20.082792+00:00
1040,Solucionando Desafios do Dia a Dia em Monitoramento de Performance e Acompanhamento de Metas,Vídeo,Business Intelligence,Avançado,106,2026-09-03,"Vídeo prático e objetivo apresentando a aplicação de Monitoramento de Performance e Acompanhamento de Metas. Em formato hands-on com nível avançado, o conteúdo demonstra resolução de problemas reais, passo a passo detalhado e dicas essenciais de implementação para acelerar seu domínio em Business Intelligence.",Eng. Vanessa Cristina Ramos,5696f833-18ca-47bb-bf57-b6bf6b57699f,dados/brutos/lote_2/catalogo.csv,2026-09-29 02:15:20.082792+00:00
1039,Estudo Técnico e Decisões de Arquitetura em Linhagem de Dados e Rastreabilidade de Origem,Artigo,Segurança & Governança,Intermediário,21,2026-09-10,"Artigo técnico detalhado que explora Linhagem de Dados e Rastreabilidade de Origem sob uma ótica técnica e conceitual. Focado em nível intermediário, aborda trade-offs arquiteturais, vantagens competitivas, padrões recomendados e diretrizes fundamentais para especialistas que atuam em Segurança & Governança.",Dra. Renata Figueiredo Melo,5696f833-18ca-47bb-bf57-b6bf6b57699f,dados/brutos/lote_2/catalogo.csv,2026-09-29 02:15:20.082792+00:00
1038,Estudo Técnico e Decisões de Arquitetura em Estruturas de Dados e Algoritmos Eficientes,Artigo,Programação & Software,Básico,13,2026-08-09,"Artigo técnico detalhado que explora Estruturas de Dados e Algoritmos Eficientes sob uma ótica técnica e conceitual. Focado em nível básico, aborda trade-offs arquiteturais, vantagens competitivas, padrões recomendados e diretrizes fundamentais para especialistas que atuam em Programação & Software.",Prof. Lucas Fernandes Prado,5696f833-18ca-47bb-bf57-b6bf6b57699f,dados/brutos/lote_2/catalogo.csv,2026-09-29 02:15:20.082792+00:00
1037,Papo de Dados Ep. 39: Desvendando Adequação à LGPD e Proteção de Dados Pessoais,Podcast,Segurança & Governança,Avançado,104,2026-07-02,"Episódio enriquecedor com debates aprofundados sobre Adequação à LGPD e Proteção de Dados Pessoais. Nesta gravação para o público de nível avançado, especialistas compartilham experiências práticas, desafios reais do mercado e reflexões sobre impactos estratégicos e técnicos em Segurança & Governança.",Prof. Elmo Batista de Faria,5696f833-18ca-47bb-bf57-b6bf6b57699f,dados/brutos/lote_2/catalogo.csv,2026-09-29 02:15:20.082792+00:00
1036,Data Insights Ep. 80: Experiências Reais com Integração Híbrida PostgreSQL e NoSQL MongoDB,Podcast,Banco de Dados,Avançado,54,2026-08-19,"Episódio enriquecedor com debates aprofundados sobre Integração Híbrida PostgreSQL e NoSQL MongoDB. Nesta gravação para o público de nível avançado, especialistas compartilham experiências práticas, desafios reais do mercado e reflexões sobre impactos estratégicos e técnicos em Banco de Dados.",Eng. Thiago Pinheiro Borges,5696f833-18ca-47bb-bf57-b6bf6b57699f,dados/brutos/lote_2/catalogo.csv,2026-09-29 02:15:20.082792+00:00
1035,Guia Definitivo e Boas Práticas sobre Processamento de Linguagem Natural (PLN),Artigo,Inteligência Artificial,Básico,27,2026-07-30,"Artigo técnico detalhado que explora Processamento de Linguagem Natural (PLN) sob uma ótica técnica e conceitual. Focado em nível básico, aborda trade-offs arquiteturais, vantagens competitivas, padrões recomendados e diretrizes fundamentais para especialistas que atuam em Inteligência Artificial.",Dr. Marcelo Silveira Neves,5696f833-18ca-47bb-bf57-b6bf6b57699f,dados/brutos/lote_2/catalogo.csv,2026-09-29 02:15:20.082792+00:00
1034,Masterclass de Auditoria e Monitoramento de Logs de Acesso para Projetos Reais,Curso,Segurança & Governança,Intermediário,999,2026-08-06,"Neste curso aprofundado, você aprenderá de forma estruturada sobre Auditoria e Monitoramento de Logs de Acesso. O treinamento abrange tópicos de nível intermediário, exercícios práticos e construção de projetos completos. Indicado para profissionais que desejam dominar ferramentas modernas e padrões consolidados em Segurança & Governança.",Dra. Camila Guimarães Rocha,5696f833-18ca-47bb-bf57-b6bf6b57699f,dados/brutos/lote_2/catalogo.csv,2026-09-29 02:15:20.082792+00:00
1033,Tech Talk Ep. 63: Melhores Práticas em Processamento de Linguagem Natural (PLN),Podcast,Inteligência Artificial,Intermediário,32,2026-07-28,"Episódio enriquecedor com debates aprofundados sobre Processamento de Linguagem Natural (PLN). Nesta gravação para o público de nível intermediário, especialistas compartilham experiências práticas, desafios reais do mercado e reflexões sobre impactos estratégicos e técnicos em Inteligência Artificial.",Dra. Mariana Vasconcelos,5696f833-18ca-47bb-bf57-b6bf6b57699f,dados/brutos/lote_2/catalogo.csv,2026-09-29 02:15:20.082792+00:00
1032,Data Insights Ep. 58: Experiências Reais com Storytelling com Dados para Apresentações Executivas,Podcast,Business Intelligence,Básico,29,2026-09-02,"Episódio enriquecedor com debates aprofundados sobre Storytelling com Dados para Apresentações Executivas. Nesta gravação para o público de nível básico, especialistas compartilham experiências práticas, desafios reais do mercado e reflexões sobre impactos estratégicos e técnicos em Business Intelligence.",Dr. Marcelo Silveira Neves,5696f833-18ca-47bb-bf57-b6bf6b57699f,dados/brutos/lote_2/catalogo.csv,2026-09-29 02:15:20.082792+00:00
1031,Análise Comparativa e Padrões Recomendados em APIs RESTful de Alta Performance com FastAPI,Artigo,Programação & Software,Intermediário,5,2026-08-05,"Artigo técnico detalhado que explora APIs RESTful de Alta Performance com FastAPI sob uma ótica técnica e conceitual. Focado em nível intermediário, aborda trade-offs arquiteturais, vantagens competitivas, padrões recomendados e diretrizes fundamentais para especialistas que atuam em Programação & Software.",Eng. Patrícia Moreira Viana,5696f833-18ca-47bb-bf57-b6bf6b57699f,dados/brutos/lote_2/catalogo.csv,2026-09-29 02:15:20.082792+00:00
1030,Construindo Aplicações Robustas com Governança e Padronização de Painéis de Indicadores,Curso,Business Intelligence,Avançado,1044,2026-08-12,"Neste curso aprofundado, você aprenderá de forma estruturada sobre Governança e Padronização de Painéis de Indicadores. O treinamento abrange tópicos de nível avançado, exercícios práticos e construção de projetos completos. Indicado para profissionais que desejam dominar ferramentas modernas e padrões consolidados em Business Intelligence.",Profa. Beatriz Helena Nogueira,5696f833-18ca-47bb-bf57-b6bf6b57699f,dados/brutos/lote_2/catalogo.csv,2026-09-29 02:15:20.082792+00:00
1029,Deep Dive Ep. 57: Casos de Sucesso em Orquestração de Workflows com Apache Airflow,Podcast,Engenharia de Dados,Básico,45,2026-09-09,"Episódio enriquecedor com debates aprofundados sobre Orquestração de Workflows com Apache Airflow. Nesta gravação para o público de nível básico, especialistas compartilham experiências práticas, desafios reais do mercado e reflexões sobre impactos estratégicos e técnicos em Engenharia de Dados.",Eng. Felipe Siqueira Castro,5696f833-18ca-47bb-bf57-b6bf6b57699f,dados/brutos/lote_2/catalogo.csv,2026-09-29 02:15:20.082792+00:00
1028,Curso Completo de Experimentação e Testes A/B Orientados a Dados: Da Teoria à Prática,Curso,Ciência de Dados,Básico,498,2026-07-06,"Neste curso aprofundado, você aprenderá de forma estruturada sobre Experimentação e Testes A/B Orientados a Dados. O treinamento abrange tópicos de nível básico, exercícios práticos e construção de projetos completos. Indicado para profissionais que desejam dominar ferramentas modernas e padrões consolidados em Ciência de Dados.",Eng. Patrícia Moreira Viana,5696f833-18ca-47bb-bf57-b6bf6b57699f,dados/brutos/lote_2/catalogo.csv,2026-09-29 02:15:20.082792+00:00
1027,Construindo Aplicações Robustas com Testes Automatizados e TDD com Pytest,Curso,Programação & Software,Intermediário,1026,2026-08-23,"Neste curso aprofundado, você aprenderá de forma estruturada sobre Testes Automatizados e TDD com Pytest. O treinamento abrange tópicos de nível intermediário, exercícios práticos e construção de projetos completos. Indicado para profissionais que desejam dominar ferramentas modernas e padrões consolidados em Programação & Software.",Dra. Renata Figueiredo Melo,5696f833-18ca-47bb-bf57-b6bf6b57699f,dados/brutos/lote_2/catalogo.csv,2026-09-29 02:15:20.082792+00:00
1026,Solucionando Desafios do Dia a Dia em Fundamentos de Deep Learning com PyTorch,Vídeo,Inteligência Artificial,Básico,15,2026-08-19,"Vídeo prático e objetivo apresentando a aplicação de Fundamentos de Deep Learning com PyTorch. Em formato hands-on com nível básico, o conteúdo demonstra resolução de problemas reais, passo a passo detalhado e dicas essenciais de implementação para acelerar seu domínio em Inteligência Artificial.",Prof. Lucas Fernandes Prado,5696f833-18ca-47bb-bf57-b6bf6b57699f,dados/brutos/lote_2/catalogo.csv,2026-09-29 02:15:20.082792+00:00
1025,Papo de Dados Ep. 39: Desvendando Adequação à LGPD e Proteção de Dados Pessoais,Podcast,Segurança & Governança,Avançado,100,2026-08-07,"Episódio enriquecedor com debates aprofundados sobre Adequação à LGPD e Proteção de Dados Pessoais. Nesta gravação para o público de nível avançado, especialistas compartilham experiências práticas, desafios reais do mercado e reflexões sobre impactos estratégicos e técnicos em Segurança & Governança.",Prof. Elmo Batista de Faria,5696f833-18ca-47bb-bf57-b6bf6b57699f,dados/brutos/lote_2/catalogo.csv,2026-09-29 02:15:20.082792+00:00
1024,Guia Definitivo e Boas Práticas sobre Otimização de Consultas SQL com EXPLAIN ANALYZE,Artigo,Banco de Dados,Avançado,16,2026-08-25,"Artigo técnico detalhado que explora Otimização de Consultas SQL com EXPLAIN ANALYZE sob uma ótica técnica e conceitual. Focado em nível avançado, aborda trade-offs arquiteturais, vantagens competitivas, padrões recomendados e diretrizes fundamentais para especialistas que atuam em Banco de Dados.",Prof. Elmo Batista de Faria,5696f833-18ca-47bb-bf57-b6bf6b57699f,dados/brutos/lote_2/catalogo.csv,2026-09-29 02:15:20.082792+00:00
