usuario_id,conteudo_id,pontuacao,posicao,classificacao,gerado_em,_execucao_id,_origem,_ingerido_em
1,656,53.80,1,estavel,2026-09-13 22:13:31,5696f833-18ca-47bb-bf57-b6bf6b57699f,dados/brutos/recomendacoes_desafio1.json,2026-09-29 02:15:20.385642+00:00
1,236,53.80,2,estavel,2026-09-13 22:13:31,5696f833-18ca-47bb-bf57-b6bf6b57699f,dados/brutos/recomendacoes_desafio1.json,2026-09-29 02:15:20.385642+00:00
1,731,53.80,3,estavel,2026-09-13 22:13:31,5696f833-18ca-47bb-bf57-b6bf6b57699f,dados/brutos/recomendacoes_desafio1.json,2026-09-29 02:15:20.385642+00:00
1,96,53.80,4,estavel,2026-09-13 22:13:31,5696f833-18ca-47bb-bf57-b6bf6b57699f,dados/brutos/recomendacoes_desafio1.json,2026-09-29 02:15:20.385642+00:00
1,186,53.80,5,estavel,2026-09-13 22:13:31,5696f833-18ca-47bb-bf57-b6bf6b57699f,dados/brutos/recomendacoes_desafio1.json,2026-09-29 02:15:20.385642+00:00
1,166,53.80,6,estavel,2026-09-13 22:13:31,5696f833-18ca-47bb-bf57-b6bf6b57699f,dados/brutos/recomendacoes_desafio1.json,2026-09-29 02:15:20.385642+00:00
1,699,53.80,7,estavel,2026-09-13 22:13:31,5696f833-18ca-47bb-bf57-b6bf6b57699f,dados/brutos/recomendacoes_desafio1.json,2026-09-29 02:15:20.385642+00:00
1,347,53.80,8,estavel,2026-09-13 22:13:31,5696f833-18ca-47bb-bf57-b6bf6b57699f,dados/brutos/recomendacoes_desafio1.json,2026-09-29 02:15:20.385642+00:00
1,217,53.80,9,estavel,2026-09-13 22:13:31,5696f833-18ca-47bb-bf57-b6bf6b57699f,dados/brutos/recomendacoes_desafio1.json,2026-09-29 02:15:20.385642+00:00
1,360,53.80,10,estavel,2026-09-13 22:13:31,5696f833-18ca-47bb-bf57-b6bf6b57699f,dados/brutos/recomendacoes_desafio1.json,2026-09-29 02:15:20.385642+00:00
4,352,88.26,1,positivo,2026-09-13 22:13:31,5696f833-18ca-47bb-bf57-b6bf6b57699f,dados/brutos/recomendacoes_desafio1.json,2026-09-29 02:15:20.385642+00:00
4,178,88.26,2,positivo,2026-09-13 22:13:31,5696f833-18ca-47bb-bf57-b6bf6b57699f,dados/brutos/recomendacoes_desafio1.json,2026-09-29 02:15:20.385642+00:00
4,926,88.26,3,positivo,2026-09-13 22:13:31,5696f833-18ca-47bb-bf57-b6bf6b57699f,dados/brutos/recomendacoes_desafio1.json,2026-09-29 02:15:20.385642+00:00
4,108,88.26,4,positivo,2026-09-13 22:13:31,5696f833-18ca-47bb-bf57-b6bf6b57699f,dados/brutos/recomendacoes_desafio1.json,2026-09-29 02:15:20.385642+00:00
4,317,88.26,5,positivo,2026-09-13 22:13:31,5696f833-18ca-47bb-bf57-b6bf6b57699f,dados/brutos/recomendacoes_desafio1.json,2026-09-29 02:15:20.385642+00:00
4,270,88.26,6,positivo,2026-09-13 22:13:31,5696f833-18ca-47bb-bf57-b6bf6b57699f,dados/brutos/recomendacoes_desafio1.json,2026-09-29 02:15:20.385642+00:00
4,707,88.26,7,positivo,2026-09-13 22:13:31,5696f833-18ca-47bb-bf57-b6bf6b57699f,dados/brutos/recomendacoes_desafio1.json,2026-09-29 02:15:20.385642+00:00
4,28,88.26,8,positivo,2026-09-13 22:13:31,5696f833-18ca-47bb-bf57-b6bf6b57699f,dados/brutos/recomendacoes_desafio1.json,2026-09-29 02:15:20.385642+00:00
4,489,88.26,9,positivo,2026-09-13 22:13:31,5696f833-18ca-47bb-bf57-b6bf6b57699f,dados/brutos/recomendacoes_desafio1.json,2026-09-29 02:15:20.385642+00:00
4,595,88.26,10,positivo,2026-09-13 22:13:31,5696f833-18ca-47bb-bf57-b6bf6b57699f,dados/brutos/recomendacoes_desafio1.json,2026-09-29 02:15:20.385642+00:00
