usuario_mestre_id,nome_mascarado,email_mascarado,faixa_etaria,cidade,uf,data_cadastro,atualizado_em,registros_origem,_execucao_id
12,Otávio C***,o***@email.example,18-24,São Paulo,SP,2026-01-06,2026-09-20 14:00:00,2,943c1278-fb29-4b01-86ac-71df4dcaca49
30,Beatriz V***,b***@email.example,18-24,Santos,SP,2025-10-13,2026-09-01 09:30:00,2,943c1278-fb29-4b01-86ac-71df4dcaca49
1,Heitor T***,h***@email.example,60+,Niterói,RJ,2025-12-20,2026-08-06 21:52:58,1,943c1278-fb29-4b01-86ac-71df4dcaca49
2,Tatiane R***,t***@email.example,45-59,São Paulo,SP,2025-08-15,2026-04-23 11:26:27,1,943c1278-fb29-4b01-86ac-71df4dcaca49
3,Tatiane T***,t***@email.example,35-44,Natal,RN,2025-12-08,2025-12-20 13:25:45,1,943c1278-fb29-4b01-86ac-71df4dcaca49
4,Enzo A***,e***@email.example,35-44,Natal,RN,2025-09-19,2026-06-08 18:51:33,1,943c1278-fb29-4b01-86ac-71df4dcaca49
5,Olívia T***,o***@email.example,45-59,Manaus,AM,2025-07-27,2026-03-24 19:51:57,1,943c1278-fb29-4b01-86ac-71df4dcaca49
6,Ana P***,a***@email.example,25-34,Campo Grande,MS,2025-09-09,2026-06-03 17:49:22,1,943c1278-fb29-4b01-86ac-71df4dcaca49
7,Yasmin S***,y***@email.example,45-59,Manaus,AM,2025-07-11,2026-07-12 18:45:24,1,943c1278-fb29-4b01-86ac-71df4dcaca49
8,João O***,j***@email.example,25-34,São Paulo,SP,2025-09-18,2026-07-12 19:54:02,1,943c1278-fb29-4b01-86ac-71df4dcaca49
9,Ana M***,a***@email.example,35-44,Natal,RN,2025-07-15,2026-03-23 04:54:36,1,943c1278-fb29-4b01-86ac-71df4dcaca49
10,Renato A***,r***@email.example,60+,Fortaleza,CE,2026-01-05,2026-05-18 07:09:41,1,943c1278-fb29-4b01-86ac-71df4dcaca49
11,Yasmin C***,y***@email.example,35-44,Niterói,RJ,2025-10-14,2026-06-09 20:48:43,1,943c1278-fb29-4b01-86ac-71df4dcaca49
13,Lucas A***,l***@email.example,35-44,Vitória,ES,2025-11-17,2025-12-27 13:57:04,1,943c1278-fb29-4b01-86ac-71df4dcaca49
14,Marcelo S***,m***@email.example,60+,Brasília,DF,2025-09-24,2026-02-11 03:26:34,1,943c1278-fb29-4b01-86ac-71df4dcaca49
15,Beatriz S***,b***@email.example,25-34,Campo Grande,MS,2025-10-28,2026-03-20 20:14:09,1,943c1278-fb29-4b01-86ac-71df4dcaca49
16,Gustavo S***,g***@email.example,45-59,Campinas,SP,2025-07-15,2026-01-13 06:45:13,1,943c1278-fb29-4b01-86ac-71df4dcaca49
17,Ana C***,a***@email.example,45-59,Porto Alegre,RS,2025-10-07,2025-10-14 02:05:11,1,943c1278-fb29-4b01-86ac-71df4dcaca49
18,Enzo C***,e***@email.example,45-59,Campo Grande,MS,2025-10-12,2026-05-18 04:20:55,1,943c1278-fb29-4b01-86ac-71df4dcaca49
19,Heitor A***,h***@email.example,60+,Salvador,BA,2025-08-28,2025-09-07 19:44:21,1,943c1278-fb29-4b01-86ac-71df4dcaca49
