usuario_id,usuario_mestre_id,regra,_execucao_id
171,12,cpf_hash,943c1278-fb29-4b01-86ac-71df4dcaca49
172,30,email_hash,943c1278-fb29-4b01-86ac-71df4dcaca49
1,1,proprio,943c1278-fb29-4b01-86ac-71df4dcaca49
2,2,proprio,943c1278-fb29-4b01-86ac-71df4dcaca49
3,3,proprio,943c1278-fb29-4b01-86ac-71df4dcaca49
4,4,proprio,943c1278-fb29-4b01-86ac-71df4dcaca49
5,5,proprio,943c1278-fb29-4b01-86ac-71df4dcaca49
6,6,proprio,943c1278-fb29-4b01-86ac-71df4dcaca49
7,7,proprio,943c1278-fb29-4b01-86ac-71df4dcaca49
8,8,proprio,943c1278-fb29-4b01-86ac-71df4dcaca49
9,9,proprio,943c1278-fb29-4b01-86ac-71df4dcaca49
10,10,proprio,943c1278-fb29-4b01-86ac-71df4dcaca49
11,11,proprio,943c1278-fb29-4b01-86ac-71df4dcaca49
12,12,proprio,943c1278-fb29-4b01-86ac-71df4dcaca49
13,13,proprio,943c1278-fb29-4b01-86ac-71df4dcaca49
14,14,proprio,943c1278-fb29-4b01-86ac-71df4dcaca49
15,15,proprio,943c1278-fb29-4b01-86ac-71df4dcaca49
16,16,proprio,943c1278-fb29-4b01-86ac-71df4dcaca49
17,17,proprio,943c1278-fb29-4b01-86ac-71df4dcaca49
18,18,proprio,943c1278-fb29-4b01-86ac-71df4dcaca49
