usuario_id,usuario_pseudo,nome_mascarado,email_mascarado,email_hash,cpf_hash,faixa_etaria,cidade,uf,data_cadastro,atualizado_em,_execucao_id,_origem,_ingerido_em
177,6ecb0a56aefa771726547be22c94cc779e910575093b3ec35db77f82db4932c9,Olívia M***,o***@email.example,e33078d6f7f6323c9ddea7f0ec86fb05cedae5687dbfe1b04fb05a91167ae67e,936cbc6fbca208f159988c3688d0b46d3b1d9b2c44957dd2a7648176494229ce,0-17,Belo Horizonte,MG,2026-09-01,2026-09-01 09:30:00,5696f833-18ca-47bb-bf57-b6bf6b57699f,dados/brutos/lote_2/usuarios.csv,2026-09-29 02:15:20.146365+00:00
172,ec6df48393e94cb67bf91671e0c4a41935d1bb46305b09999f8e039f27fad5d9,Beatriz V***,b***@email.example,4d65d339bbf122f12f076c9512c0be06e8b5e46b47e0423e6c89a9768139490a,e561636c88707862150c19269c6bed953bf89a4f14de2ad26ec4b3d0c7baefc3,18-24,Santos,SP,2026-09-01,2026-09-01 09:30:00,5696f833-18ca-47bb-bf57-b6bf6b57699f,dados/brutos/lote_2/usuarios.csv,2026-09-29 02:15:20.146365+00:00
171,0cfb61ea7bca2c1697415a0866247fe1425f994bf2a61bdaf9da27c8e4320895,OTAVIO C***,o***@email.example,409db570d1e2507daa5f21f83f94a0b87bec6d56c056f817f30129737e585e8a,2574401a09b92f8bc8a5cb65a217fbf614346b9dbc1124877988305077ae2db6,18-24,Uberlândia,MG,2026-09-01,2026-09-01 09:30:00,5696f833-18ca-47bb-bf57-b6bf6b57699f,dados/brutos/lote_2/usuarios.csv,2026-09-29 02:15:20.146365+00:00
170,dc9d03376cf2f4d52d062113ebeb8d1b273162aabf6dea5bc4c948d2f769fbec,João S***,j***@email.example,e562b0ba71fec7c32f9fd207e082ef3ff8322d4581346eb5a37772d927e996df,56c4d3955fe18b94c6e58b421dfbfcdf3e0f7944eb8bac9873f2dd58a3132446,25-34,Vitória,ES,2026-08-28,2026-08-28 10:00:00,5696f833-18ca-47bb-bf57-b6bf6b57699f,dados/brutos/lote_2/usuarios.csv,2026-09-29 02:15:20.146365+00:00
169,760230f7be96f1f18990e53a6f97dee1cd9f4454091063afa3b986b70609204a,Gabriela S***,g***@email.example,5bada68fcef2cf0aa55264fdbff5c1cf9d383dad053ab694c02d0f1042017954,2078a8d2609af32fe3a156278c812948c0c8ebd6a6c0c4eca09346790ddea211,45-59,Uberlândia,MG,2026-09-02,2026-09-02 10:00:00,5696f833-18ca-47bb-bf57-b6bf6b57699f,dados/brutos/lote_2/usuarios.csv,2026-09-29 02:15:20.146365+00:00
168,1dcd2c6fb460907e6a96a234be9715fdf9c14826081786e118640574d5a7034c,Nicolas P***,n***@email.example,98b8c559e30ea631ab2d12f19d85b1edf0fa6cb06f29bd933dd48afd4af42637,5b8da1fd1e3a6b19372ede27e3ca454ee8fe8d5e8625a8094b871b93037de42a,45-59,Salvador,BA,2026-09-01,2026-09-01 10:00:00,5696f833-18ca-47bb-bf57-b6bf6b57699f,dados/brutos/lote_2/usuarios.csv,2026-09-29 02:15:20.146365+00:00
167,cbd401cdaec20126f1e3452d2cbe763539e1968063f27009506d4fbb09c154b1,Caio O***,c***@email.example,150314a41e67d4b0d060a6ce62367658fbd0577abd397b5859c000b3b95b8dd5,237cb56cb9dfb590e9d6cad4fa634883aaa1c03fc2a0e91740c64b89e1611997,25-34,Belo Horizonte,MG,2026-08-31,2026-08-31 10:00:00,5696f833-18ca-47bb-bf57-b6bf6b57699f,dados/brutos/lote_2/usuarios.csv,2026-09-29 02:15:20.146365+00:00
166,80dfe76f5d048e6f792815622c3a88b8d248b1ee13c3f23205848d694e3d9497,Débora P***,d***@email.example,d0bd1c30e5ad767b8c8f19b4654b16c9748d650a0c835d44d8d512fbf506a242,5e6d70d760d61a4f01022a745fa7f98eea67505a22d6a508183dc1d0a44657d7,45-59,São Paulo,SP,2026-08-27,2026-08-27 10:00:00,5696f833-18ca-47bb-bf57-b6bf6b57699f,dados/brutos/lote_2/usuarios.csv,2026-09-29 02:15:20.146365+00:00
165,d47b249e9bb1ebb07b705ea5f8be22c2502d9e1e8a8f3da2c9b6c1226ffb20eb,Eduarda R***,e***@email.example,d7c81058c9ed9a3ee2555a96c3766c80cbcd532016b95257d50f98101033a1aa,cbe75bd01f709d26950a20173180cfdd22c37e799bc0209361070435323f8acf,45-59,Vitória,ES,2026-08-26,2026-08-26 10:00:00,5696f833-18ca-47bb-bf57-b6bf6b57699f,dados/brutos/lote_2/usuarios.csv,2026-09-29 02:15:20.146365+00:00
164,1f4dcb4da679028f4e8422c036793c5fad074d341a38160403c2a7375b0ea6ab,Gustavo R***,g***@email.example,8fcbcb2d7f7cf92b698d9480ffc34c024c38b1ea4002585fdcd210b4798a8f58,fcea83892e14b6aece7d268487e61a4774fae9d73a19791fb1da9fc882b6d530,45-59,Goiânia,GO,2026-08-30,2026-08-30 10:00:00,5696f833-18ca-47bb-bf57-b6bf6b57699f,dados/brutos/lote_2/usuarios.csv,2026-09-29 02:15:20.146365+00:00
163,d9cd69301ef597646bc1197564e435dca15dffe378ee82539d58f3534cde9345,Caio R***,c***@email.example,64663bd39e4cac41ac8caec22410fed3de9d79410924b7c10220f829df8423f4,be9147e56fcbd39790e14fe4a8b9a42cea7cc1f2d179d5c05ca3c1a82140b04d,25-34,Vitória,ES,2026-08-31,2026-08-31 10:00:00,5696f833-18ca-47bb-bf57-b6bf6b57699f,dados/brutos/lote_2/usuarios.csv,2026-09-29 02:15:20.146365+00:00
162,f9eaf9af8789c19f96f25fc52d52764a8d155eb61f74920a1123906ebcc8ac36,Letícia S***,l***@email.example,1c5cd40e25645516bf3e9afcb118c702d89790b52d66ea7d124574ea611a122c,65941d761b43861dda0f03b79042b0c5213384ac216c785ea7aec2e97a0aefd6,45-59,Londrina,PR,2026-09-05,2026-09-05 10:00:00,5696f833-18ca-47bb-bf57-b6bf6b57699f,dados/brutos/lote_2/usuarios.csv,2026-09-29 02:15:20.146365+00:00
161,0b33c6379b438215f8ddbee1520281f2a07411e6f44d75a20321052d48d82330,Helena P***,h***@email.example,faa219115229ef4fd81b578c002b7e66839319813a613f768b5105fb0603a557,f072bfe3a5926332287f6ccba7ad7de75015edb2b59707c63ed4bb6caad30ab6,18-24,Rio de Janeiro,RJ,2026-09-03,2026-09-03 10:00:00,5696f833-18ca-47bb-bf57-b6bf6b57699f,dados/brutos/lote_2/usuarios.csv,2026-09-29 02:15:20.146365+00:00
160,b8c40fecad7c9fdb14d3f485b6112e9d49184a745d43cf8e9a6129127378809a,Rafaela L***,r***@email.example,3bbb9aa07cd7d6b94f26a36c7d5fecb36fd2671813775ba58b1005459023bbfe,e8a34739341b84609e60f94dc0992ae8caafb4651fb89d44dca535ac3d9eba1a,45-59,Salvador,BA,2026-08-28,2026-08-28 10:00:00,5696f833-18ca-47bb-bf57-b6bf6b57699f,dados/brutos/lote_2/usuarios.csv,2026-09-29 02:15:20.146365+00:00
159,378f55740396f46ea6439622506060b26b834c1577faf3797fcc57b39284a972,Isabela L***,i***@email.example,b354490bdb2dbdd6fad9a21d1b34bb745ae6151185fb31bebf0c0118af537fdf,60781f47e0b3441160d47ac3daeef7bb6b5a11d360d92e15c7e499a08ce5b8dc,35-44,Florianópolis,SC,2026-09-02,2026-09-02 10:00:00,5696f833-18ca-47bb-bf57-b6bf6b57699f,dados/brutos/lote_2/usuarios.csv,2026-09-29 02:15:20.146365+00:00
158,067ac665d38a58d9c559444faf99dac64656d854b32ff7d7d5b2b2a44227c996,Tatiane R***,t***@email.example,635dc70885f48294563a4f6816512e73cc4e2b08e89d705df5db876b8f9a8b82,9a9036ffc1e4a82c51bf29340b14b750dfb32f57e74336c600f7da4ef0a24ffe,45-59,Manaus,AM,2026-09-03,2026-09-03 10:00:00,5696f833-18ca-47bb-bf57-b6bf6b57699f,dados/brutos/lote_2/usuarios.csv,2026-09-29 02:15:20.146365+00:00
157,d16bd85c51703062550f5ec017b597430c1097e929ad8965c2b8b3306595fa6e,Vinícius P***,v***@email.example,d027b4e79c490d1366ab0ebe2d8074388676e3312ddbc491544d9106f2c90786,8ce559869fc5cdabc1613a6e7cdf3f730bd111a5531b5d7cd0a194b8411134f2,45-59,Recife,PE,2026-09-01,2026-09-01 10:00:00,5696f833-18ca-47bb-bf57-b6bf6b57699f,dados/brutos/lote_2/usuarios.csv,2026-09-29 02:15:20.146365+00:00
156,c7f383f2dccce8ecdbd350129e965fd7b85fc8457406526b6179421033a35beb,Otávio M***,o***@email.example,301512e2bf32b529f50e85ee6697728fa3e1ffe7ada0bf540b020f6c59b8dc6a,d9fff0045fdbd9fbafd602a5bd14b38148326994d01e8addc789a1f9522892ac,25-34,Vitória,ES,2026-08-27,2026-08-27 10:00:00,5696f833-18ca-47bb-bf57-b6bf6b57699f,dados/brutos/lote_2/usuarios.csv,2026-09-29 02:15:20.146365+00:00
155,1e43aba20b9dc7ebb3e3b34db2124a906a202b7047526aeadb2c5f19c0977f17,Thiago P***,t***@email.example,8eab61774068ae9f69bba9984d6b507f2ba672af5abbc989e3494ae0e23d0ee1,8d813feb41ebc141828d5dd27d21a358aba345c835f88de4bd2142670eacaf73,45-59,Goiânia,GO,2026-08-27,2026-08-27 10:00:00,5696f833-18ca-47bb-bf57-b6bf6b57699f,dados/brutos/lote_2/usuarios.csv,2026-09-29 02:15:20.146365+00:00
154,f5c1c0b069d92da0fbdaeb4ec3bf2cd98c662117d140e0b7f6d1eb0859152ce1,Gustavo C***,g***@email.example,f133fadc92edcbf8532af7325dde1c44ab0bc5710d7f9f4ba922a9a87c1bf124,37f2c99af9f5aa5465a1c565b87cd78af9b1efd1adaec3bc7d14d433faea66d1,35-44,Goiânia,GO,2026-08-27,2026-08-27 10:00:00,5696f833-18ca-47bb-bf57-b6bf6b57699f,dados/brutos/lote_2/usuarios.csv,2026-09-29 02:15:20.146365+00:00
