usuario_pseudo,faixa_etaria,uf,data_cadastro,registros_origem,nome_mascarado
4caab5ed9357430b3a382643b299cea4d7fd155e0b7c61aaee68af3e55d1db40,18-24,SP,2026-01-06,2,Otávio C***
e2696c6bbc0008d9ef9e62dc5a9f3dac35ec6d3f5ea4d4305b899a8fb7312a00,18-24,SP,2025-10-13,2,Beatriz V***
0103a57d8c6871ea33dc43e32aca53b3b1975283a3929ed4ffa532c11011f655,45-59,MS,2025-10-12,1,Enzo C***
011bf3208f6190a7f3ce4fe27962e561eb763b320168641446cf205535948182,35-44,MS,2025-12-29,1,Leonardo M***
01dfd4aa25350de2adf3d5df314f639d2569163c231cfc1baca55f6b9d144ddc,45-59,SP,2025-09-30,1,Beatriz F***
0549feb8e97191f064ea0f47a28ad5e6b31747bb876992550b89328aa228aa02,35-44,GO,2025-10-26,1,Natália V***
065b127652ea32a765e996a0eea55e75913278082fc9ce33bc1e464303d90fe0,18-24,ES,2025-12-30,1,Sofia A***
067ac665d38a58d9c559444faf99dac64656d854b32ff7d7d5b2b2a44227c996,45-59,AM,2026-09-03,1,Tatiane R***
090be0d1eff3fa79092e4cd721380ef0f6402c70feafaac9273501b77b2afeeb,45-59,PE,2026-01-20,1,Igor S***
0b33c6379b438215f8ddbee1520281f2a07411e6f44d75a20321052d48d82330,18-24,RJ,2026-09-03,1,Helena P***
0e21a1bb65f4824ee321d525f46ba2ee97229379bc0dba20693fbe31f95d0cf0,35-44,RN,2025-09-19,1,Enzo A***
0eae15f433f35541f889bac10fb3ac992277482601e02982846517f24dda9aca,45-59,MG,2025-09-15,1,João C***
110649c40f4cdf5908701aa0618417ee59e33b7013f613fd042023e0a908bfd9,45-59,BA,2025-08-25,1,Vinícius C***
119fd1b7e041ea69e48d9ed3416ce7b607d997f397dfcb749e9d77635b4ad912,45-59,PA,2025-11-18,1,Paula C***
128524a10ab2eb9d23fd62f6e3b37d3bf9391789e455cb7fb82117551a168548,35-44,RJ,2025-10-25,1,Mariana R***
13338bbc9cfa6906696245aad0c601d973e1941302f9d39709317fee8ee4458d,45-59,SP,2025-08-02,1,Isabela F***
146f95c8ba352a7e714e86e26ba6d055969a5e8d8ea359a36d9c64ede623f19a,35-44,RS,2025-12-14,1,Natália V***
14dc4865a9dd9b4edd9388e2ed504fa21a376bdca3376a78050cb988640a9c50,45-59,AM,2025-07-27,1,Olívia T***
18f2bfcbd2a164b55fed81fcdcb942a68f0fc22431db9e9db1043f0b24679d12,25-34,RJ,2025-10-07,1,Olívia P***
1943c451117f52ec366ad5bbd6c41244a52975203335ec13ebaee6aca43a0c7b,25-34,SP,2025-09-18,1,João O***
