usuario_pseudo,conteudo_id,pontuacao,posicao,classificacao,gerado_em,convertida,convertida_em
011bf3208f6190a7f3ce4fe27962e561eb763b320168641446cf205535948182,581,46.37,10,estavel,2026-09-13 22:13:31,True,2026-09-23 00:44:38
011bf3208f6190a7f3ce4fe27962e561eb763b320168641446cf205535948182,473,46.37,6,estavel,2026-09-13 22:13:31,True,2026-09-23 02:11:10
0549feb8e97191f064ea0f47a28ad5e6b31747bb876992550b89328aa228aa02,451,53.48,6,estavel,2026-09-13 22:13:31,True,2026-09-22 13:05:41
0eae15f433f35541f889bac10fb3ac992277482601e02982846517f24dda9aca,905,50.00,6,estavel,2026-09-13 22:13:31,True,2026-09-17 04:31:15
0eae15f433f35541f889bac10fb3ac992277482601e02982846517f24dda9aca,796,50.00,9,estavel,2026-09-13 22:13:31,True,2026-09-20 10:02:02
119fd1b7e041ea69e48d9ed3416ce7b607d997f397dfcb749e9d77635b4ad912,319,50.41,3,estavel,2026-09-13 22:13:31,True,2026-09-17 00:52:15
128524a10ab2eb9d23fd62f6e3b37d3bf9391789e455cb7fb82117551a168548,332,50.00,3,estavel,2026-09-13 22:13:31,True,2026-09-21 18:51:46
13338bbc9cfa6906696245aad0c601d973e1941302f9d39709317fee8ee4458d,645,51.14,10,estavel,2026-09-13 22:13:31,True,2026-09-20 23:40:54
13338bbc9cfa6906696245aad0c601d973e1941302f9d39709317fee8ee4458d,873,51.14,5,estavel,2026-09-13 22:13:31,True,2026-09-23 00:30:58
14dc4865a9dd9b4edd9388e2ed504fa21a376bdca3376a78050cb988640a9c50,934,67.49,10,estavel,2026-09-13 22:13:31,True,2026-09-25 15:58:21
28c48af0ae579f71a393c6f0674cf18b5035ef13f01c2b6c41ef276e90582a13,223,50.00,10,estavel,2026-09-13 22:13:31,True,2026-09-14 15:17:56
28c48af0ae579f71a393c6f0674cf18b5035ef13f01c2b6c41ef276e90582a13,692,50.00,4,estavel,2026-09-13 22:13:31,True,2026-09-19 10:15:43
379693b0aa490c586db3e986f445309d4c202f03b5eb6eb2acd83eaef1db5d19,707,49.46,4,estavel,2026-09-13 22:13:31,True,2026-09-17 04:35:00
4239c8b9d4afd285694fbdba8fd82d179564afeada76f99628f5314a9c1b0f13,505,50.00,5,estavel,2026-09-13 22:13:31,True,2026-09-21 19:31:03
43826d0719b8bf7192a22e618f8538bfb1b1580ef0e79591e8534ca7cec2e878,73,76.60,3,positivo,2026-09-13 22:13:31,True,2026-09-20 02:35:47
4a4d791fd26abcfdd52c001bc0a65401d4fad95ae7166d44ef5a364a2164e6f4,329,50.00,8,estavel,2026-09-13 22:13:31,True,2026-09-21 20:46:44
4ae9214aae60332e5d5da6fc872433a719edc5dbd68a61940354d9859bd29fac,466,72.79,10,positivo,2026-09-13 22:13:31,True,2026-09-26 14:30:54
4ae9214aae60332e5d5da6fc872433a719edc5dbd68a61940354d9859bd29fac,69,72.79,7,positivo,2026-09-13 22:13:31,True,2026-09-19 14:02:58
4d28a2719911ac9a8a7c02d4ba737247a0cc0d95de2947534ef79199435fccf5,976,50.24,5,estavel,2026-09-13 22:13:31,True,2026-09-20 16:03:40
78c894c2bd228bd7559a3b8f6cc8be309842b0244485bc0907c05bc8f69989e8,159,41.94,5,estavel,2026-09-13 22:13:31,True,2026-09-15 07:41:41
