interacao_id,usuario_pseudo,conteudo_id,tipo_interacao,data_hora,data,mes,tempo_consumido,percentual_conclusao,avaliacao_atribuida
8429,090be0d1eff3fa79092e4cd721380ef0f6402c70feafaac9273501b77b2afeeb,937,visualização,2026-09-26 22:38:25,2026-09-26,2026-09-01,27,75.80,
9232,913352999242f84e78c6de56fe033130651fe102ebfa215746eada4c9f01e5f2,897,visualização,2026-09-26 20:56:45,2026-09-26,2026-09-01,862,60.00,
9274,d9cd69301ef597646bc1197564e435dca15dffe378ee82539d58f3534cde9345,645,visualização,2026-09-26 19:51:07,2026-09-26,2026-09-01,20,65.50,
8917,7dffc1bc1aa6f0d777ba04cf6bb5476d7e735c2db4dbeb1999bae03c4b4c3fd0,818,início,2026-09-26 18:15:02,2026-09-26,2026-09-01,1,2.40,
9272,f9eaf9af8789c19f96f25fc52d52764a8d155eb61f74920a1123906ebcc8ac36,784,início,2026-09-26 17:33:16,2026-09-26,2026-09-01,26,3.30,
9196,4ae9214aae60332e5d5da6fc872433a719edc5dbd68a61940354d9859bd29fac,466,início,2026-09-26 14:30:54,2026-09-26,2026-09-01,1,1.10,
9242,52d8094e2974dcd67bbd7cb5254f06bec243a21d01bce7eccb18cb8c7d790a34,582,início,2026-09-26 13:04:29,2026-09-26,2026-09-01,3,11.40,
8194,5f0e31cc7e1a9291f27c7b8996211b06938f9b4c27637954ffb2f5cbfe446864,878,início,2026-09-26 10:00:22,2026-09-26,2026-09-01,27,6.30,
8184,d1e3177686d89d785682a3159a8d9b0b3b00b294fd4d606651bc8823b0c78c07,618,visualização,2026-09-26 08:26:04,2026-09-26,2026-09-01,105,30.50,
8307,32a1c0e163012626957bd4130f48636ee106b3171bc10f9c6b1def975bdaf6be,358,visualização,2026-09-26 08:04:58,2026-09-26,2026-09-01,465,79.30,
8276,dd1a52f919d60225c832f93490eec8ec23a3deb459d0996d9b57b0a09d1724a4,11,início,2026-09-26 07:00:58,2026-09-26,2026-09-01,5,11.30,
8856,bfecc17f1eae200d9fa32826ee2a4115d6d87e94820147290897976c3daec379,406,curtida,2026-09-26 06:15:08,2026-09-26,2026-09-01,8,89.00,5
8399,d18676fdf792926f377f61d4c6b650a2e0106ca162965dbe080c70b239f31da3,676,início,2026-09-25 16:59:45,2026-09-25,2026-09-01,102,13.70,
7999,14dc4865a9dd9b4edd9388e2ed504fa21a376bdca3376a78050cb988640a9c50,934,conclusão,2026-09-25 15:58:21,2026-09-25,2026-09-01,14,100.00,4
9191,4ae9214aae60332e5d5da6fc872433a719edc5dbd68a61940354d9859bd29fac,77,visualização,2026-09-25 15:22:55,2026-09-25,2026-09-01,30,41.80,
9117,bf13a25b96045d3ba18c97c7262716bd91ba2efc85e691a112fd43c80347c37d,718,visualização,2026-09-25 14:16:11,2026-09-25,2026-09-01,62,84.40,
8746,6eabecac99ffec0b208faaf4a533073a6f28aa29bffa1c8b26042881d92bc58f,778,avaliação,2026-09-25 14:12:55,2026-09-25,2026-09-01,1944,90.40,5
8602,8cd50c4b0d3cc761c30787349cc93251770276d6da87025b3b93262443a6aaab,600,avaliação,2026-09-25 11:56:45,2026-09-25,2026-09-01,49,85.10,5
8485,4d28a2719911ac9a8a7c02d4ba737247a0cc0d95de2947534ef79199435fccf5,1024,início,2026-09-25 11:12:24,2026-09-25,2026-09-01,2,10.80,
9259,d16bd85c51703062550f5ec017b597430c1097e929ad8965c2b8b3306595fa6e,374,conclusão,2026-09-25 10:48:01,2026-09-25,2026-09-01,21,100.00,5
