mes,mes_referencia,categoria,interacoes,pessoas_ativas,conclusoes,minutos_consumidos
2026-01,2026-01-01,Banco de Dados,13,13,4,2297
2026-01,2026-01-01,Business Intelligence,9,9,2,537
2026-01,2026-01-01,Ciência de Dados,12,12,4,2518
2026-01,2026-01-01,DevOps & Cloud,12,11,2,770
2026-01,2026-01-01,Engenharia de Dados,15,14,3,5758
2026-01,2026-01-01,Inteligência Artificial,12,12,3,970
2026-01,2026-01-01,Programação & Software,13,12,1,1293
2026-01,2026-01-01,Segurança & Governança,16,16,1,2495
2026-02,2026-02-01,Banco de Dados,12,12,1,1369
2026-02,2026-02-01,Business Intelligence,21,20,3,3151
2026-02,2026-02-01,Ciência de Dados,18,17,0,5091
2026-02,2026-02-01,DevOps & Cloud,25,25,4,4064
2026-02,2026-02-01,Engenharia de Dados,15,15,3,2289
2026-02,2026-02-01,Inteligência Artificial,11,11,1,2138
2026-02,2026-02-01,Programação & Software,9,9,3,2120
2026-02,2026-02-01,Segurança & Governança,18,17,2,2815
2026-03,2026-03-01,Banco de Dados,13,13,3,3144
2026-03,2026-03-01,Business Intelligence,18,18,1,3128
2026-03,2026-03-01,Ciência de Dados,12,11,1,1256
2026-03,2026-03-01,DevOps & Cloud,18,17,4,1221
2026-03,2026-03-01,Engenharia de Dados,10,9,1,659
2026-03,2026-03-01,Inteligência Artificial,14,14,1,771
2026-03,2026-03-01,Programação & Software,14,14,8,2572
2026-03,2026-03-01,Segurança & Governança,13,13,0,840
2026-04,2026-04-01,Banco de Dados,13,13,2,907
2026-04,2026-04-01,Business Intelligence,17,13,2,2177
2026-04,2026-04-01,Ciência de Dados,12,11,2,1777
2026-04,2026-04-01,DevOps & Cloud,17,15,2,2944
2026-04,2026-04-01,Engenharia de Dados,10,10,1,2940
2026-04,2026-04-01,Inteligência Artificial,17,16,1,1419
2026-04,2026-04-01,Programação & Software,9,9,1,840
2026-04,2026-04-01,Segurança & Governança,11,10,1,267
2026-05,2026-05-01,Banco de Dados,20,19,3,616
2026-05,2026-05-01,Business Intelligence,18,18,5,423
2026-05,2026-05-01,Ciência de Dados,10,9,1,975
2026-05,2026-05-01,DevOps & Cloud,20,20,3,3921
2026-05,2026-05-01,Engenharia de Dados,20,19,4,5253
2026-05,2026-05-01,Inteligência Artificial,16,15,2,2628
2026-05,2026-05-01,Programação & Software,17,16,1,1596
2026-05,2026-05-01,Segurança & Governança,10,10,0,3717
2026-06,2026-06-01,Banco de Dados,25,20,5,2810
2026-06,2026-06-01,Business Intelligence,15,14,2,4464
2026-06,2026-06-01,Ciência de Dados,18,17,3,1827
2026-06,2026-06-01,DevOps & Cloud,5,5,1,63
2026-06,2026-06-01,Engenharia de Dados,19,18,1,3845
2026-06,2026-06-01,Inteligência Artificial,19,18,3,1243
2026-06,2026-06-01,Programação & Software,8,8,1,1163
2026-06,2026-06-01,Segurança & Governança,18,16,0,6057
2026-07,2026-07-01,Banco de Dados,12,10,0,3413
2026-07,2026-07-01,Business Intelligence,21,21,1,4612
2026-07,2026-07-01,Ciência de Dados,13,13,3,654
2026-07,2026-07-01,DevOps & Cloud,20,18,6,1992
2026-07,2026-07-01,Engenharia de Dados,13,13,0,1387
2026-07,2026-07-01,Inteligência Artificial,16,16,4,729
2026-07,2026-07-01,Programação & Software,13,12,1,616
2026-07,2026-07-01,Segurança & Governança,11,11,3,1517
2026-08,2026-08-01,Banco de Dados,22,21,5,1970
2026-08,2026-08-01,Business Intelligence,27,24,3,3773
2026-08,2026-08-01,Ciência de Dados,22,21,2,571
2026-08,2026-08-01,DevOps & Cloud,18,18,2,1158
2026-08,2026-08-01,Engenharia de Dados,20,19,3,4163
2026-08,2026-08-01,Inteligência Artificial,19,18,2,1581
2026-08,2026-08-01,Programação & Software,20,19,4,2015
2026-08,2026-08-01,Segurança & Governança,16,15,3,5583
2026-09,2026-09-01,Banco de Dados,45,37,11,9599
2026-09,2026-09-01,Business Intelligence,47,43,3,10006
2026-09,2026-09-01,Ciência de Dados,29,27,8,3804
2026-09,2026-09-01,DevOps & Cloud,31,31,1,9428
2026-09,2026-09-01,Engenharia de Dados,52,46,13,5140
2026-09,2026-09-01,Inteligência Artificial,43,35,9,7990
2026-09,2026-09-01,Programação & Software,46,42,9,4362
2026-09,2026-09-01,Segurança & Governança,44,37,8,7513
