usuario_id,nome,email,cpf,data_nascimento,telefone,cidade,uf,data_cadastro,atualizado_em
1,Heitor Rocha Teixeira,heitor.teixeira@email.example,986.987.973-01,1965-02-11,(00) 92322-2814,Niterói,RJ,2025-12-20,2026-08-06 21:52:58
2,Tatiane Ribeiro,tatiane.ribeiro@email.example,364.556.815-85,1969-01-09,(00) 99815-5786,São Paulo,SP,2025-08-15,2026-04-23 11:26:27
3,Tatiane Pereira Teixeira,tatiane.teixeira@email.example,576.169.871-42,1984-02-01,(00) 99296-9045,Natal,RN,2025-12-08,2025-12-20 13:25:45
4,Enzo Monteiro Araújo,enzo.araujo@email.example,093.208.196-71,1986-02-01,(00) 93333-8898,Natal,RN,2025-09-19,2026-06-08 18:51:33
5,Olívia Teixeira,olivia.teixeira@email.example,486.488.766-73,1974-02-01,(00) 95823-5407,Manaus,AM,2025-07-27,2026-03-24 19:51:57
6,Ana Pereira,ana.pereira@email.example,534.778.768-66,1994-10-13,(00) 91550-5752,Campo Grande,MS,2025-09-09,2026-06-03 17:49:22
7,Yasmin Pinto Santos,yasmin.santos@email.example,472.671.475-94,1969-05-03,(00) 94188-7738,Manaus,AM,2025-07-11,2026-07-12 18:45:24
8,João Silva Oliveira,joao.oliveira@email.example,193.319.084-16,1994-12-27,(00) 96853-3535,São Paulo,SP,2025-09-18,2026-07-12 19:54:02
9,Ana Nunes Moreira,ana.moreira@email.example,837.929.841-14,1983-09-28,(00) 93623-3217,Natal,RN,2025-07-15,2026-03-23 04:54:36
10,Renato Rocha Araújo,renato.araujo@email.example,601.610.550-37,1966-02-24,(00) 99362-8799,Fortaleza,CE,2026-01-05,2026-05-18 07:09:41
11,Yasmin Ribeiro Costa,yasmin.costa@email.example,922.983.695-86,1985-08-01,(00) 94822-2138,Niterói,RJ,2025-10-14,2026-06-09 20:48:43
12,Otávio Souza Carvalho,otavio.carvalho@email.example,073.702.838-61,2005-02-17,(00) 93256-3627,Uberlândia,MG,2026-01-06,2026-06-20 19:50:03
13,Lucas Rodrigues Araújo,lucas.araujo@email.example,425.247.764-69,1985-12-24,(00) 93899-6337,Vitória,ES,2025-11-17,2025-12-27 13:57:04
14,Marcelo Ribeiro Santos,marcelo.santos@email.example,330.175.682-46,1966-03-22,(00) 96766-3568,Brasília,DF,2025-09-24,2026-02-11 03:26:34
15,Beatriz Santos,beatriz.santos@email.example,939.494.821-06,2000-01-22,(00) 95320-2579,Campo Grande,MS,2025-10-28,2026-03-20 20:14:09
16,Gustavo Santos,gustavo.santos@email.example,185.491.452-98,1976-09-13,(00) 95196-2030,Campinas,SP,2025-07-15,2026-01-13 06:45:13
17,Ana Monteiro Correia,ana.correia@email.example,130.411.895-94,1979-02-17,(00) 98471-1622,Porto Alegre,RS,2025-10-07,2025-10-14 02:05:11
18,Enzo Cardoso Carvalho,enzo.carvalho@email.example,584.645.060-16,1977-08-16,(00) 96415-5744,Campo Grande,MS,2025-10-12,2026-05-18 04:20:55
19,Heitor Correia Araújo,heitor.araujo@email.example,538.012.911-04,1966-09-04,(00) 93059-9562,Salvador,BA,2025-08-28,2025-09-07 19:44:21
20,Beatriz Silva Araújo,beatriz.araujo@email.example,663.632.280-27,1994-09-05,(00) 99869-7502,Natal,RN,2025-12-14,2026-03-15 15:07:13
21,Rafaela Ferreira,rafaela.ferreira@email.example,764.529.128-11,1966-09-15,(00) 99422-5345,São Paulo,SP,2025-12-31,2026-03-11 19:42:09
22,André Souza Nunes,andre.nunes@email.example,038.265.384-05,1980-06-01,(00) 94292-7139,São Paulo,SP,2025-08-05,2025-12-07 17:07:55
23,Beatriz Teixeira Ribeiro,beatriz.ribeiro@email.example,326.270.586-15,2000-09-05,(00) 91614-3827,Vitória,ES,2025-10-25,2026-08-18 11:21:59
24,Felipe Gomes Dias,felipe.dias@email.example,083.949.066-65,1989-03-06,(00) 99463-3589,Porto Alegre,RS,2026-01-13,2026-07-14 03:40:05
25,Letícia Oliveira,leticia.oliveira@email.example,844.093.244-80,1989-04-11,(00) 95678-6852,Belo Horizonte,MG,2025-07-29,2026-02-13 12:08:46
26,Isabela Carvalho Freitas,isabela.freitas@email.example,658.280.258-57,1971-06-30,(00) 93685-1465,São Paulo,SP,2025-08-02,2026-06-29 17:28:36
27,Heitor Vieira,heitor.vieira@email.example,382.993.215-40,1986-09-27,(00) 92759-2198,Recife,PE,2026-01-18,2026-04-22 11:01:08
28,Débora Cardoso Almeida,debora.almeida@email.example,188.357.951-18,1968-02-06,(00) 92439-9107,Niterói,RJ,2025-11-15,2026-07-15 18:09:32
29,Vinícius Correia Nunes,vinicius.nunes@email.example,885.576.523-06,2001-03-04,(00) 98585-4607,Londrina,PR,2025-12-03,2026-05-18 15:45:01
30,Beatriz Araújo Vieira,beatriz.vieira@email.example,792.645.154-11,2002-09-25,(00) 98281-5319,Natal,RN,2025-10-13,2026-01-29 05:37:14
31,João Ferreira Costa,joao.costa@email.example,497.660.856-51,1980-02-10,(00) 92556-9104,Belo Horizonte,MG,2025-09-15,2025-11-17 09:45:15
32,Natália Araújo,natalia.araujo@email.example,620.484.259-51,1993-11-27,(00) 97793-8797,Recife,PE,2025-07-29,2026-01-14 02:11:08
33,Juliana Silva Souza,juliana.souza@email.example,503.784.951-95,1989-12-06,(00) 94074-9830,Londrina,PR,2025-08-13,2025-10-13 09:46:51
34,Ana Pereira,ana.pereira2@email.example,924.196.898-29,1970-12-24,(00) 92770-1463,Salvador,BA,2025-12-01,2026-07-26 07:30:49
35,Samuel Souza Lima,samuel.lima@email.example,755.559.747-02,2004-08-15,(00) 96358-5097,Vitória,ES,2025-07-23,2026-04-11 08:25:24
36,Carla Pereira Silva,carla.silva@email.example,354.864.390-68,2001-07-22,(00) 97731-2057,Goiânia,GO,2025-10-14,2026-02-20 16:58:14
37,Letícia Barbosa Cardoso,leticia.cardoso@email.example,575.552.182-41,1999-01-23,(00) 95218-9650,Rio de Janeiro,RJ,2025-10-06,2026-06-30 21:41:36
38,Marcelo Teixeira Santos,marcelo.santos2@email.example,336.882.834-74,1999-10-20,(00) 99004-3239,Campo Grande,MS,2025-12-10,2025-12-24 16:53:12
39,Otávio Gomes Teixeira,otavio.teixeira@email.example,329.822.290-90,2000-12-20,(00) 91565-5593,Fortaleza,CE,2025-09-05,2026-07-17 19:37:40
40,Vinícius Pereira,vinicius.pereira@email.example,272.202.269-94,1986-12-20,(00) 99946-1475,Porto Alegre,RS,2025-08-23,2026-08-12 12:59:06
41,Vinícius Rocha,vinicius.rocha@email.example,625.280.700-13,1969-03-31,(00) 96783-5214,Recife,PE,2025-10-02,2025-11-18 16:57:12
42,André Lima,andre.lima@email.example,632.337.352-10,1989-01-14,(00) 97913-7933,Brasília,DF,2025-11-24,2026-01-09 15:23:42
43,Igor Mendes Carvalho,igor.carvalho@email.example,897.133.115-16,1997-01-24,(00) 93589-2886,Florianópolis,SC,2025-08-10,2026-08-23 16:02:14
44,Lucas Teixeira,lucas.teixeira@email.example,824.456.078-93,1985-08-23,(00) 95474-6802,Belém,PA,2026-02-27,2026-06-16 01:06:37
45,Leonardo Santos,leonardo.santos@email.example,769.908.541-80,1985-09-05,(00) 98676-6667,Belo Horizonte,MG,2025-08-21,2025-12-12 13:04:14
46,Natália Vieira,natalia.vieira@email.example,901.879.169-51,1985-07-01,(00) 98841-9860,Porto Alegre,RS,2025-12-14,2025-12-23 02:55:56
47,Bruno Costa,bruno.costa@email.example,128.400.198-93,1970-05-15,(00) 96487-3510,Belo Horizonte,MG,2026-01-13,2026-02-08 14:15:58
48,Vinícius Ferreira Costa,vinicius.costa@email.example,385.607.392-21,1984-09-02,(00) 94090-2863,Manaus,AM,2025-07-12,2025-11-13 14:33:53
49,Renato Moreira Martins,renato.martins@email.example,360.872.438-96,1979-01-30,(00) 95379-8073,Goiânia,GO,2025-08-27,2025-09-04 18:09:59
50,Renato Gomes,renato.gomes@email.example,195.391.827-10,1983-03-10,(00) 92819-2731,Campo Grande,MS,2025-10-09,2026-01-02 19:18:37
51,Fernanda Silva Ferreira,fernanda.ferreira@email.example,845.142.038-91,1970-03-11,(00) 98330-1582,Curitiba,PR,2025-12-30,2026-03-07 06:09:10
52,Beatriz Vieira Rocha,beatriz.rocha@email.example,412.143.049-24,1993-12-29,(00) 91714-8723,Campinas,SP,2025-11-15,2026-07-19 01:42:42
53,Rafaela Mendes,rafaela.mendes@email.example,837.085.386-26,1985-10-25,(00) 92432-4969,Vitória,ES,2025-12-02,2026-08-23 21:15:08
54,Carla Araújo,carla.araujo@email.example,922.328.385-02,1982-12-08,(00) 95569-3767,Fortaleza,CE,2025-09-13,2025-10-28 16:03:40
55,Igor Silva,igor.silva@email.example,983.725.278-23,1970-03-06,(00) 93272-1024,Recife,PE,2026-01-20,2026-07-30 04:44:37
56,Débora Mendes,debora.mendes@email.example,585.190.431-36,1981-12-03,(00) 95010-5976,Goiânia,GO,2025-10-12,2026-05-14 20:38:05
57,Sofia Almeida,sofia.almeida@email.example,279.137.298-90,2006-11-04,(00) 98833-2853,Vitória,ES,2025-12-30,2026-01-06 12:28:18
58,Eduarda Silva,eduarda.silva@email.example,640.794.260-80,1984-12-02,(00) 92990-2576,Campo Grande,MS,2025-09-12,2026-02-18 05:22:30
59,Olívia Ribeiro Pinto,olivia.pinto@email.example,744.796.745-95,2001-09-12,(00) 93755-2665,Rio de Janeiro,RJ,2025-10-07,2026-02-24 15:58:31
60,Thiago Carvalho,thiago.carvalho@email.example,352.136.295-72,1993-11-30,(00) 99789-7465,Curitiba,PR,2025-07-14,2025-12-11 14:41:10
61,Nicolas Dias Martins,nicolas.martins@email.example,284.093.426-43,1995-01-23,(00) 93048-8288,Porto Alegre,RS,2025-10-09,2026-05-28 08:49:53
62,Débora Nunes Souza,debora.souza@email.example,858.463.884-94,2000-12-07,(00) 99290-6737,Campo Grande,MS,2025-11-04,2025-11-22 21:43:20
63,Beatriz Rocha Ferreira,beatriz.ferreira@email.example,695.389.650-79,1969-10-19,(00) 94868-4527,São Paulo,SP,2025-09-30,2026-06-26 15:37:44
64,Lucas Cardoso Martins,lucas.martins@email.example,350.811.136-98,1970-07-11,(00) 98493-6685,Goiânia,GO,2025-12-16,2026-04-06 18:40:46
65,Marcelo Araújo,marcelo.araujo@email.example,115.276.113-71,2004-03-19,(00) 98957-6585,Londrina,PR,2025-11-21,2026-04-29 00:07:30
66,Sofia Santos,sofia.santos@email.example,771.862.107-33,1983-12-24,(00) 92027-8238,Rio de Janeiro,RJ,2025-10-20,2026-02-18 05:26:21
67,Leonardo Ribeiro,leonardo.ribeiro@email.example,626.148.836-39,1969-11-21,(00) 96735-3767,Goiânia,GO,2025-10-14,2025-12-03 01:42:46
68,Ana Cardoso,ana.cardoso@email.example,135.161.994-24,1979-04-27,(00) 97994-6091,Campo Grande,MS,2025-10-28,2026-03-09 15:49:30
69,Olívia Rocha,olivia.rocha@email.example,948.746.439-58,1984-10-25,(00) 93670-6862,Belém,PA,2025-11-12,2025-11-29 20:13:32
70,Marcelo Rodrigues Almeida,marcelo.almeida@email.example,399.551.566-52,1992-06-19,(00) 98565-7165,Niterói,RJ,2025-08-04,2025-12-08 00:04:13
71,Gabriela Monteiro Vieira,gabriela.vieira@email.example,959.650.565-33,2000-07-17,(00) 95113-8861,Belém,PA,2025-07-15,2026-06-28 16:29:21
72,Ana Araújo Ribeiro,ana.ribeiro@email.example,880.156.464-31,2006-01-08,(00) 95216-1036,Campinas,SP,2025-09-04,2025-09-15 10:42:10
73,Nicolas Souza,nicolas.souza@email.example,598.719.889-59,1967-06-10,(00) 95736-3079,Rio de Janeiro,RJ,2025-11-25,2026-02-23 01:48:37
74,Gabriela Ferreira Santos,gabriela.santos@email.example,960.278.046-03,2006-05-16,(00) 97078-8228,Rio de Janeiro,RJ,2026-01-08,2026-07-30 02:36:54
75,Mariana Araújo,mariana.araujo@email.example,829.601.796-26,2001-11-04,(00) 98831-8226,Florianópolis,SC,2025-12-05,2026-04-20 23:17:10
76,João Almeida,joao.almeida@email.example,478.923.524-66,1966-05-24,(00) 92688-4167,Niterói,RJ,2025-12-19,2026-04-08 06:58:45
77,Igor Oliveira Gomes,igor.gomes@email.example,591.483.354-02,1969-03-01,(00) 95974-9831,Fortaleza,CE,2025-12-31,2026-08-07 00:21:55
78,Otávio Vieira,otavio.vieira@email.example,785.222.384-22,1995-08-24,(00) 92960-7395,Vitória,ES,2026-02-14,2026-08-09 08:11:51
79,Rafaela Gomes Carvalho,rafaela.carvalho@email.example,719.294.808-07,1980-06-25,(00) 94708-5522,Curitiba,PR,2025-07-24,2025-10-23 13:05:37
80,Juliana Almeida,juliana.almeida@email.example,134.146.175-02,1977-09-27,(00) 95892-3145,Belo Horizonte,MG,2025-11-10,2026-06-30 14:17:38
81,Diego Almeida,diego.almeida@email.example,380.053.051-18,1976-05-08,(00) 99174-9533,Belém,PA,2026-01-15,2026-03-07 23:49:02
82,Fernanda Dias Freitas,fernanda.freitas@email.example,977.605.538-98,2007-01-24,(00) 95161-9598,Campo Grande,MS,2025-11-14,2025-12-05 13:01:51
83,Beatriz Dias Monteiro,beatriz.monteiro@email.example,670.907.276-20,1970-05-25,(00) 96831-2993,Rio de Janeiro,RJ,2025-09-05,2026-08-02 00:45:25
84,Rafaela Ferreira,rafaela.ferreira2@email.example,370.108.752-01,1982-08-31,(00) 93167-4259,Belém,PA,2025-11-26,2026-03-12 10:07:52
85,Sofia Lima Almeida,sofia.almeida2@email.example,863.166.539-81,1989-05-21,(00) 99023-5289,Belém,PA,2025-11-17,2026-06-21 15:52:42
86,Yasmin Freitas,yasmin.freitas@email.example,421.723.349-37,1983-03-24,(00) 98643-8449,Salvador,BA,2025-09-16,2025-10-31 07:04:58
87,Carla Monteiro Freitas,carla.freitas@email.example,047.516.886-01,1998-05-29,(00) 96151-7863,Florianópolis,SC,2025-08-22,2025-10-07 22:58:00
88,Felipe Mendes,felipe.mendes@email.example,235.953.494-75,1965-08-10,(00) 95641-3788,Porto Alegre,RS,2025-12-04,2026-01-01 18:59:24
89,Paula Correia Barbosa,paula.barbosa@email.example,824.460.261-93,1992-09-23,(00) 97066-7617,Porto Alegre,RS,2025-10-20,2026-07-12 02:42:27
90,Otávio Freitas,otavio.freitas@email.example,005.200.700-63,1991-08-14,(00) 92773-8269,Vitória,ES,2026-02-07,2026-02-24 01:59:32
91,Diego Correia,diego.correia@email.example,305.703.048-31,1987-08-04,(00) 98822-8354,Campo Grande,MS,2025-11-26,2026-08-05 07:18:41
92,Marcelo Araújo,marcelo.araujo2@email.example,463.511.020-66,1976-01-03,(00) 99383-4936,Fortaleza,CE,2025-12-16,2026-08-02 03:49:38
93,Carla Monteiro,carla.monteiro@email.example,004.263.716-32,1987-02-04,(00) 92615-6524,Florianópolis,SC,2026-01-01,2026-06-11 07:30:22
94,Beatriz Vieira,beatriz.vieira2@email.example,267.081.297-02,1986-04-15,(00) 91333-6557,Natal,RN,2025-12-02,2025-12-24 02:58:30
95,Leonardo Moreira,leonardo.moreira@email.example,813.370.271-21,1987-12-23,(00) 97873-3015,Campo Grande,MS,2025-12-29,2026-02-19 21:39:01
96,Caio Pereira,caio.pereira@email.example,470.675.548-46,2005-07-22,(00) 96145-1926,Natal,RN,2025-10-12,2026-08-14 03:51:59
97,Gustavo Ferreira Vieira,gustavo.vieira@email.example,682.597.348-78,1997-07-08,(00) 92492-3263,Salvador,BA,2026-01-23,2026-05-04 18:08:38
98,Samuel Ribeiro,samuel.ribeiro@email.example,662.829.092-11,1965-09-01,(00) 99642-3197,Uberlândia,MG,2025-10-07,2026-02-19 08:09:44
99,Vinícius Teixeira,vinicius.teixeira@email.example,262.837.095-68,1966-12-25,(00) 97260-1986,Belo Horizonte,MG,2026-01-09,2026-07-19 10:42:26
100,Heitor Silva Almeida,heitor.almeida@email.example,801.332.526-13,1991-07-15,(00) 96971-8161,Niterói,RJ,2025-11-06,2026-01-06 16:50:28
101,Mariana Rocha Vieira,mariana.vieira@email.example,821.961.213-48,1988-09-17,(00) 96660-7578,Belo Horizonte,MG,2025-09-05,2026-03-26 01:11:45
102,Diego Souza Silva,diego.silva@email.example,696.953.432-45,1987-01-05,(00) 95843-7478,Uberlândia,MG,2025-12-27,2026-02-19 19:47:43
103,Yasmin Souza Oliveira,yasmin.oliveira@email.example,006.371.711-53,1972-08-01,(00) 95424-4709,Curitiba,PR,2025-07-10,2026-01-11 04:20:20
104,Pedro Oliveira Araújo,pedro.araujo@email.example,986.801.543-01,1969-11-10,(00) 97339-2249,Salvador,BA,2025-09-13,2026-03-19 01:17:13
105,Carla Teixeira,carla.teixeira@email.example,021.520.511-15,1977-03-22,(00) 99712-3247,São Paulo,SP,2025-12-13,2026-03-13 12:46:21
106,Sofia Vieira Santos,sofia.santos2@email.example,908.238.613-51,1981-10-27,(00) 93163-2865,Brasília,DF,2025-11-23,2026-04-19 04:13:23
107,Isabela Lima,isabela.lima@email.example,378.776.040-77,1981-02-17,(00) 95995-3807,Curitiba,PR,2025-07-27,2026-04-20 13:44:41
108,Tatiane Rocha Mendes,tatiane.mendes@email.example,276.412.974-21,1976-06-11,(00) 98284-7617,Salvador,BA,2025-11-24,2026-02-09 09:19:09
109,Enzo Rodrigues,enzo.rodrigues@email.example,360.550.496-52,1981-05-09,(00) 98428-1176,Manaus,AM,2025-12-14,2026-02-09 22:19:30
110,Paula Souza Costa,paula.costa@email.example,387.926.877-00,1969-11-26,(00) 91166-7574,Belém,PA,2025-11-18,2026-03-10 08:18:40
111,Tatiane Almeida Martins,tatiane.martins@email.example,720.568.326-24,1982-06-14,(00) 91067-8821,Campo Grande,MS,2025-11-24,2025-12-16 08:53:09
112,André Rocha Moreira,andre.moreira@email.example,480.788.203-14,1990-09-09,(00) 98057-3800,Fortaleza,CE,2025-11-17,2025-12-27 14:53:34
113,Lucas Moreira,lucas.moreira@email.example,539.711.009-46,1988-03-21,(00) 99188-7678,Vitória,ES,2025-10-13,2026-05-10 20:53:09
114,Bruno Lima,bruno.lima@email.example,701.692.984-19,1979-01-07,(00) 94052-9163,Brasília,DF,2026-01-21,2026-03-04 00:27:13
115,Marcelo Souza,marcelo.souza@email.example,443.177.466-12,1977-03-05,(00) 94441-3713,Fortaleza,CE,2025-07-06,2026-08-25 05:34:49
116,Nicolas Araújo,nicolas.araujo@email.example,214.153.447-02,1993-10-25,(00) 97457-8196,Goiânia,GO,2025-09-25,2026-05-12 21:42:20
117,Isabela Monteiro Lima,isabela.lima2@email.example,033.212.668-40,1983-09-11,(00) 93574-3725,Rio de Janeiro,RJ,2025-09-09,2026-07-08 20:57:08
118,Igor Ferreira,igor.ferreira@email.example,947.150.295-03,1971-09-15,(00) 93965-1917,Brasília,DF,2025-12-07,2026-02-05 06:15:29
119,Leonardo Lima Costa,leonardo.costa@email.example,837.176.345-01,1971-10-01,(00) 98043-1566,Fortaleza,CE,2025-11-14,2026-07-25 20:43:04
120,Gustavo Costa Silva,gustavo.silva@email.example,946.096.584-97,1979-10-07,(00) 91753-1458,Rio de Janeiro,RJ,2025-12-29,2026-03-13 13:38:46
121,Igor Mendes Rocha,igor.rocha@email.example,101.331.560-02,1976-07-26,(00) 91476-4247,Salvador,BA,2025-12-09,2026-05-03 19:46:54
122,Igor Cardoso,igor.cardoso@email.example,610.101.954-34,2007-02-11,(00) 95308-6056,Salvador,BA,2025-07-28,2026-07-22 22:37:50
123,Débora Gomes,debora.gomes@email.example,392.102.549-46,2003-06-10,(00) 91639-3691,Niterói,RJ,2025-10-20,2026-06-26 12:41:20
124,Eduarda Almeida,eduarda.almeida@email.example,142.373.369-06,1998-12-24,(00) 98285-6224,Natal,RN,2025-08-27,2026-02-12 09:05:17
125,Gabriela Rocha Costa,gabriela.costa@email.example,448.059.498-14,1967-01-11,(00) 97201-7050,Florianópolis,SC,2025-11-28,2026-04-14 16:48:09
126,Caio Araújo Freitas,caio.freitas@email.example,845.618.634-10,1966-04-20,(00) 96639-7536,Belo Horizonte,MG,2025-07-26,2026-01-09 06:35:58
127,Felipe Gomes,felipe.gomes@email.example,942.669.814-07,1994-06-15,(00) 94425-5032,Goiânia,GO,2025-10-11,2025-10-22 14:56:04
128,Eduarda Cardoso Oliveira,eduarda.oliveira@email.example,477.763.886-38,1994-04-18,(00) 92184-9808,Porto Alegre,RS,2025-12-09,2025-12-23 17:54:28
129,Ana Freitas Pinto,ana.pinto@email.example,134.069.563-44,1969-09-12,(00) 95431-4086,Porto Alegre,RS,2025-12-21,2026-05-03 15:41:35
130,Renato Rodrigues Freitas,renato.freitas@email.example,075.678.172-85,1995-12-13,(00) 95576-7354,Fortaleza,CE,2025-07-31,2025-09-25 18:36:38
131,Enzo Oliveira Lima,enzo.lima@email.example,485.258.025-15,2004-12-15,(00) 98632-8274,Belo Horizonte,MG,2025-12-31,2026-02-16 18:12:22
132,Natália Vieira,natalia.vieira2@email.example,784.999.617-80,1991-08-23,(00) 98510-9863,Goiânia,GO,2025-10-26,2026-07-17 18:40:48
133,Beatriz Barbosa Costa,beatriz.costa@email.example,548.367.088-43,1997-06-16,(00) 99092-9228,Belém,PA,2025-10-28,2025-11-02 13:32:50
134,André Oliveira,andre.oliveira@email.example,871.774.836-41,1993-05-31,(00) 95562-1689,Fortaleza,CE,2025-12-11,2026-04-23 11:04:15
135,Mariana Silva,mariana.silva@email.example,229.035.750-20,1979-01-13,(00) 99700-1695,Rio de Janeiro,RJ,2025-09-04,2025-10-18 16:07:40
136,Juliana Ribeiro Rocha,juliana.rocha@email.example,791.016.992-20,2006-04-01,(00) 94503-9697,Salvador,BA,2025-08-03,2026-01-04 12:50:21
137,Mariana Ribeiro,mariana.ribeiro@email.example,143.511.593-76,1987-05-20,(00) 99427-8422,Rio de Janeiro,RJ,2025-10-25,2026-03-17 11:26:42
138,Mariana Martins Barbosa,mariana.barbosa@email.example,732.312.452-23,2007-03-28,(00) 98995-8842,Florianópolis,SC,2025-09-05,2025-10-13 11:10:20
139,Heitor Lima,heitor.lima@email.example,430.964.282-99,1978-11-13,(00) 94364-3000,Manaus,AM,2025-11-27,2026-04-04 00:29:49
140,Vinícius Carvalho,vinicius.carvalho@email.example,381.495.744-00,1968-04-15,(00) 96345-9794,Salvador,BA,2025-08-25,2025-10-11 18:38:05
141,Débora Lima Monteiro,debora.monteiro@email.example,204.265.116-80,1973-01-26,(00) 97448-6559,Goiânia,GO,2025-12-29,2026-02-01 13:13:58
142,Natália Gomes,natalia.gomes@email.example,105.286.594-14,1984-04-08,(00) 91322-6299,Campo Grande,MS,2026-01-04,2026-02-18 17:11:58
143,Beatriz Vieira,beatriz.vieira3@email.example,071.465.557-05,1999-05-12,(00) 93925-3777,Brasília,DF,2025-12-15,2025-12-28 00:38:32
144,Nicolas Rocha Dias,nicolas.dias@email.example,265.490.898-41,1972-09-05,(00) 94602-4864,Brasília,DF,2025-11-27,2025-12-21 06:11:26
145,Letícia Carvalho Silva,leticia.silva@email.example,619.227.553-04,2004-03-08,(00) 96398-6101,Salvador,BA,2025-08-19,2026-08-21 00:06:30
146,Otávio Pinto,otavio.pinto@email.example,451.995.593-98,1998-01-03,(00) 93717-9848,Porto Alegre,RS,2025-10-21,2026-07-03 09:47:15
147,Felipe Souza Correia,felipe.correia@email.example,387.303.752-16,2003-08-15,(00) 97768-9364,Curitiba,PR,2025-09-09,2026-04-05 03:19:15
148,Ana Barbosa Rocha,ana.rocha@email.example,837.612.539-75,2001-03-08,(00) 94025-6617,Belém,PA,2026-01-12,2026-04-05 04:08:03
149,Juliana Mendes Ferreira,juliana.ferreira@email.example,308.090.862-72,1985-01-09,(00) 98652-4706,Manaus,AM,2026-01-08,2026-07-13 17:08:22
150,Isabela Rodrigues Vieira,isabela.vieira@email.example,436.804.310-32,1978-01-03,(00) 92679-9024,Porto Alegre,RS,2025-12-13,2026-03-04 17:58:14
