conteudo_id,titulo,tipo,categoria,nivel,carga_horaria_min,data_publicacao,_execucao_id,_origem,_linha,_ingerido_em
1001,Análise Prática e Demonstração de Otimização de Consultas SQL com EXPLAIN ANALYZE,Vídeo,Banco de Dados,Avançado,70,2026-08-21,5696f833-18ca-47bb-bf57-b6bf6b57699f,dados/brutos/lote_2/catalogo.csv,1,2026-09-29 02:15:20.082792+00:00
1002,Como Obter Alta Performance Utilizando Arquitetura Limpa e Princípios SOLID,Artigo,Programação & Software,Avançado,14,2026-07-18,5696f833-18ca-47bb-bf57-b6bf6b57699f,dados/brutos/lote_2/catalogo.csv,2,2026-09-29 02:15:20.082792+00:00
1003,Como Implementar Machine Learning Supervisionado com Scikit-Learn Passo a Passo,Vídeo,Ciência de Dados,Avançado,90,2026-07-14,5696f833-18ca-47bb-bf57-b6bf6b57699f,dados/brutos/lote_2/catalogo.csv,3,2026-09-29 02:15:20.082792+00:00
1004,Análise Comparativa e Padrões Recomendados em Consultas e Índices GIN com JSONB no PostgreSQL,Artigo,Banco de Dados,Avançado,22,2026-07-10,5696f833-18ca-47bb-bf57-b6bf6b57699f,dados/brutos/lote_2/catalogo.csv,4,2026-09-29 02:15:20.082792+00:00
1005,Data Insights Ep. 76: Experiências Reais com Práticas de DataOps e Qualidade de Dados,Podcast,Engenharia de Dados,Básico,37,2026-08-13,5696f833-18ca-47bb-bf57-b6bf6b57699f,dados/brutos/lote_2/catalogo.csv,5,2026-09-29 02:15:20.082792+00:00
1006,Masterclass de Busca Vetorial com pgvector e Índices HNSW para Projetos Reais,Curso,Banco de Dados,Avançado,2157,2026-08-15,5696f833-18ca-47bb-bf57-b6bf6b57699f,dados/brutos/lote_2/catalogo.csv,6,2026-09-29 02:15:20.082792+00:00
1007,Solucionando Desafios do Dia a Dia em Escalabilidade e Gestão de Custos em Cloud,Vídeo,DevOps & Cloud,Avançado,124,2026-07-20,5696f833-18ca-47bb-bf57-b6bf6b57699f,dados/brutos/lote_2/catalogo.csv,7,2026-09-29 02:15:20.082792+00:00
1008,Solucionando Desafios do Dia a Dia em Refatoração de Código e Padrões PEP 8,Vídeo,Programação & Software,Intermediário,75,2026-08-16,5696f833-18ca-47bb-bf57-b6bf6b57699f,dados/brutos/lote_2/catalogo.csv,8,2026-09-29 02:15:20.082792+00:00
1009,Formação Prática em Consultas e Índices GIN com JSONB no PostgreSQL: Fundamentos e Aplicação,Curso,Banco de Dados,Básico,622,2026-07-12,5696f833-18ca-47bb-bf57-b6bf6b57699f,dados/brutos/lote_2/catalogo.csv,9,2026-09-29 02:15:20.082792+00:00
1010,Princípios Essenciais e Arquitetura de Auditoria e Monitoramento de Logs de Acesso,Artigo,Segurança & Governança,Básico,16,2026-08-14,5696f833-18ca-47bb-bf57-b6bf6b57699f,dados/brutos/lote_2/catalogo.csv,10,2026-09-29 02:15:20.082792+00:00
1011,Tech Talk Ep. 133: Melhores Práticas em Monitoramento de Performance e Acompanhamento de Metas,Podcast,Business Intelligence,Intermediário,85,2026-07-25,5696f833-18ca-47bb-bf57-b6bf6b57699f,dados/brutos/lote_2/catalogo.csv,11,2026-09-29 02:15:20.082792+00:00
1012,Masterclass de Modelagem Dimensional Star Schema e Snowflake para Projetos Reais,Curso,Engenharia de Dados,Básico,542,2026-07-21,5696f833-18ca-47bb-bf57-b6bf6b57699f,dados/brutos/lote_2/catalogo.csv,12,2026-09-29 02:15:20.082792+00:00
1013,Estudo Técnico e Decisões de Arquitetura em Replicação e Tolerância a Falhas no PostgreSQL,Artigo,Banco de Dados,Avançado,15,2026-07-04,5696f833-18ca-47bb-bf57-b6bf6b57699f,dados/brutos/lote_2/catalogo.csv,13,2026-09-29 02:15:20.082792+00:00
1014,Masterclass de Busca Vetorial com pgvector e Índices HNSW para Projetos Reais,Curso,Banco de Dados,Avançado,1420,2026-08-30,5696f833-18ca-47bb-bf57-b6bf6b57699f,dados/brutos/lote_2/catalogo.csv,14,2026-09-29 02:15:20.082792+00:00
1015,Estudo Técnico e Decisões de Arquitetura em Linhagem de Dados e Rastreabilidade de Origem,Artigo,Segurança & Governança,Intermediário,21,2026-07-29,5696f833-18ca-47bb-bf57-b6bf6b57699f,dados/brutos/lote_2/catalogo.csv,15,2026-09-29 02:15:20.082792+00:00
1016,Guia Definitivo e Boas Práticas sobre Transações ACID e Controle de Concorrência,Artigo,Banco de Dados,Básico,5,2026-08-13,5696f833-18ca-47bb-bf57-b6bf6b57699f,dados/brutos/lote_2/catalogo.csv,16,2026-09-29 02:15:20.082792+00:00
1017,Solucionando Desafios do Dia a Dia em Auditoria e Monitoramento de Logs de Acesso,Vídeo,Segurança & Governança,Avançado,33,2026-08-19,5696f833-18ca-47bb-bf57-b6bf6b57699f,dados/brutos/lote_2/catalogo.csv,17,2026-09-29 02:15:20.082792+00:00
1018,Análise Prática e Demonstração de Visualizações com Big Numbers e Gráficos Eficazes,Vídeo,Business Intelligence,Intermediário,67,2026-08-18,5696f833-18ca-47bb-bf57-b6bf6b57699f,dados/brutos/lote_2/catalogo.csv,18,2026-09-29 02:15:20.082792+00:00
1019,Como Implementar Governança e Ética em Sistemas de IA Passo a Passo,Vídeo,Inteligência Artificial,Intermediário,30,2026-08-19,5696f833-18ca-47bb-bf57-b6bf6b57699f,dados/brutos/lote_2/catalogo.csv,19,2026-09-29 02:15:20.082792+00:00
1020,Deep Dive Ep. 148: Casos de Sucesso em Prevenção contra Vazamentos e Segurança em APIs,Podcast,Segurança & Governança,Intermediário,80,2026-08-27,5696f833-18ca-47bb-bf57-b6bf6b57699f,dados/brutos/lote_2/catalogo.csv,20,2026-09-29 02:15:20.082792+00:00
