usuario_id,conteudo_id,avaliacao,tags,data,_execucao_id,_origem,_linha,_ingerido_em
15,864,4,"[""streaming"",""estatistica"",""storytelling""]",2026-09-10,943c1278-fb29-4b01-86ac-71df4dcaca49,dados/brutos/lote_2/comentarios.json,1,2026-09-29 03:23:35.975845+00:00
89,535,3,"[""spark"",""ci-cd""]",2026-09-07,943c1278-fb29-4b01-86ac-71df4dcaca49,dados/brutos/lote_2/comentarios.json,2,2026-09-29 03:23:35.975845+00:00
134,767,3,"[""devops""]",2026-09-13,943c1278-fb29-4b01-86ac-71df4dcaca49,dados/brutos/lote_2/comentarios.json,3,2026-09-29 03:23:35.975845+00:00
18,496,3,"[""kubernetes""]",2026-08-27,943c1278-fb29-4b01-86ac-71df4dcaca49,dados/brutos/lote_2/comentarios.json,4,2026-09-29 03:23:35.975845+00:00
69,453,4,"[""metricas""]",2026-09-21,943c1278-fb29-4b01-86ac-71df4dcaca49,dados/brutos/lote_2/comentarios.json,5,2026-09-29 03:23:35.975845+00:00
140,862,4,"[""streaming"",""embeddings""]",2026-08-27,943c1278-fb29-4b01-86ac-71df4dcaca49,dados/brutos/lote_2/comentarios.json,6,2026-09-29 03:23:35.975845+00:00
110,267,4,"[""pipeline"",""teórico""]",2026-09-07,943c1278-fb29-4b01-86ac-71df4dcaca49,dados/brutos/lote_2/comentarios.json,7,2026-09-29 03:23:35.975845+00:00
170,421,5,"[""postgresql""]",2026-09-21,943c1278-fb29-4b01-86ac-71df4dcaca49,dados/brutos/lote_2/comentarios.json,8,2026-09-29 03:23:35.975845+00:00
64,479,3,"[""metadados"",""linux""]",2026-09-15,943c1278-fb29-4b01-86ac-71df4dcaca49,dados/brutos/lote_2/comentarios.json,9,2026-09-29 03:23:35.975845+00:00
90,491,4,"[""superset""]",2026-09-22,943c1278-fb29-4b01-86ac-71df4dcaca49,dados/brutos/lote_2/comentarios.json,10,2026-09-29 03:23:35.975845+00:00
130,813,5,"[""terraform"",""pipeline"",""streaming""]",2026-09-15,943c1278-fb29-4b01-86ac-71df4dcaca49,dados/brutos/lote_2/comentarios.json,11,2026-09-29 03:23:35.975845+00:00
64,341,4,"[""metadados""]",2026-09-02,943c1278-fb29-4b01-86ac-71df4dcaca49,dados/brutos/lote_2/comentarios.json,12,2026-09-29 03:23:35.975845+00:00
23,674,3,"[""etl"",""governanca""]",2026-09-20,943c1278-fb29-4b01-86ac-71df4dcaca49,dados/brutos/lote_2/comentarios.json,13,2026-09-29 03:23:35.975845+00:00
126,20,5,"[""ci-cd"",""linhagem""]",2026-09-06,943c1278-fb29-4b01-86ac-71df4dcaca49,dados/brutos/lote_2/comentarios.json,14,2026-09-29 03:23:35.975845+00:00
18,50,3,"[""hands-on""]",2026-09-13,943c1278-fb29-4b01-86ac-71df4dcaca49,dados/brutos/lote_2/comentarios.json,15,2026-09-29 03:23:35.975845+00:00
74,829,3,"[""prático""]",2026-08-27,943c1278-fb29-4b01-86ac-71df4dcaca49,dados/brutos/lote_2/comentarios.json,16,2026-09-29 03:23:35.975845+00:00
162,953,5,"[""dataops""]",2026-09-15,943c1278-fb29-4b01-86ac-71df4dcaca49,dados/brutos/lote_2/comentarios.json,17,2026-09-29 03:23:35.975845+00:00
19,118,4,"[""postgresql""]",2026-09-10,943c1278-fb29-4b01-86ac-71df4dcaca49,dados/brutos/lote_2/comentarios.json,18,2026-09-29 03:23:35.975845+00:00
22,379,4,"[""mongodb"",""teórico"",""iniciante""]",2026-09-09,943c1278-fb29-4b01-86ac-71df4dcaca49,dados/brutos/lote_2/comentarios.json,19,2026-09-29 03:23:35.975845+00:00
112,200,4,"[""clean-code"",""streaming""]",2026-09-09,943c1278-fb29-4b01-86ac-71df4dcaca49,dados/brutos/lote_2/comentarios.json,20,2026-09-29 03:23:35.975845+00:00
