usuario_id,conteudo_id,tipo_interacao,data_hora,tempo_consumido,percentual_conclusao,avaliacao_atribuida,_execucao_id,_origem,_linha,_ingerido_em
3,560,visualização,2026-08-30T18:19:14,21,34.7,,943c1278-fb29-4b01-86ac-71df4dcaca49,dados/brutos/lote_2/interacoes.json,1,2026-09-29 03:23:35.878650+00:00
6,1022,visualização,2026-09-23T21:16:31,344,19.7,,943c1278-fb29-4b01-86ac-71df4dcaca49,dados/brutos/lote_2/interacoes.json,2,2026-09-29 03:23:35.878650+00:00
45,1033,visualização,2026-09-04T18:45:18,9,27.6,,943c1278-fb29-4b01-86ac-71df4dcaca49,dados/brutos/lote_2/interacoes.json,3,2026-09-29 03:23:35.878650+00:00
82,502,curtida,2026-09-02T06:23:30,666,97.7,5,943c1278-fb29-4b01-86ac-71df4dcaca49,dados/brutos/lote_2/interacoes.json,4,2026-09-29 03:23:35.878650+00:00
32,36,visualização,2026-09-12T11:30:13,28,26.1,,943c1278-fb29-4b01-86ac-71df4dcaca49,dados/brutos/lote_2/interacoes.json,5,2026-09-29 03:23:35.878650+00:00
120,83,compartilhamento,2026-09-19T05:10:41,14,38.9,,943c1278-fb29-4b01-86ac-71df4dcaca49,dados/brutos/lote_2/interacoes.json,6,2026-09-29 03:23:35.878650+00:00
11,145,curtida,2026-09-19T06:26:12,18,76.2,5,943c1278-fb29-4b01-86ac-71df4dcaca49,dados/brutos/lote_2/interacoes.json,7,2026-09-29 03:23:35.878650+00:00
39,449,conclusão,2026-09-11T00:13:25,78,100.0,3,943c1278-fb29-4b01-86ac-71df4dcaca49,dados/brutos/lote_2/interacoes.json,8,2026-09-29 03:23:35.878650+00:00
22,315,início,2026-09-14T18:34:45,14,14.2,,943c1278-fb29-4b01-86ac-71df4dcaca49,dados/brutos/lote_2/interacoes.json,9,2026-09-29 03:23:35.878650+00:00
136,549,início,2026-09-18T17:39:44,69,10.0,,943c1278-fb29-4b01-86ac-71df4dcaca49,dados/brutos/lote_2/interacoes.json,10,2026-09-29 03:23:35.878650+00:00
5,923,início,2026-09-08T20:21:15,1,1.2,,943c1278-fb29-4b01-86ac-71df4dcaca49,dados/brutos/lote_2/interacoes.json,11,2026-09-29 03:23:35.878650+00:00
74,600,avaliação,2026-09-25T11:56:45,49,85.1,5,943c1278-fb29-4b01-86ac-71df4dcaca49,dados/brutos/lote_2/interacoes.json,12,2026-09-29 03:23:35.878650+00:00
20,804,visualização,2026-09-24T12:51:22,20,51.7,,943c1278-fb29-4b01-86ac-71df4dcaca49,dados/brutos/lote_2/interacoes.json,13,2026-09-29 03:23:35.878650+00:00
92,234,conclusão,2026-09-03T17:42:01,36,100.0,5,943c1278-fb29-4b01-86ac-71df4dcaca49,dados/brutos/lote_2/interacoes.json,14,2026-09-29 03:23:35.878650+00:00
104,729,início,2026-09-18T18:17:37,6,8.2,,943c1278-fb29-4b01-86ac-71df4dcaca49,dados/brutos/lote_2/interacoes.json,15,2026-09-29 03:23:35.878650+00:00
157,374,conclusão,2026-09-25T10:48:01,21,100.0,5,943c1278-fb29-4b01-86ac-71df4dcaca49,dados/brutos/lote_2/interacoes.json,16,2026-09-29 03:23:35.878650+00:00
29,878,início,2026-09-26T10:00:22,27,6.3,,943c1278-fb29-4b01-86ac-71df4dcaca49,dados/brutos/lote_2/interacoes.json,17,2026-09-29 03:23:35.878650+00:00
80,155,visualização,2026-09-06T23:40:50,592,47.4,,943c1278-fb29-4b01-86ac-71df4dcaca49,dados/brutos/lote_2/interacoes.json,18,2026-09-29 03:23:35.878650+00:00
22,120,início,2026-09-20T12:39:13,4,12.7,,943c1278-fb29-4b01-86ac-71df4dcaca49,dados/brutos/lote_2/interacoes.json,19,2026-09-29 03:23:35.878650+00:00
26,538,visualização,2026-09-15T09:27:18,38,72.3,,943c1278-fb29-4b01-86ac-71df4dcaca49,dados/brutos/lote_2/interacoes.json,20,2026-09-29 03:23:35.878650+00:00
