usuario_id,conteudo_id,ivis,icur,iconc,pontuacao,classificacao,afinidade,posicao,gerado_em,_execucao_id,_origem,_linha,_ingerido_em
1,656,0.0759,1.0,1,53.8,estavel,0.8336,1,2026-09-13T22:13:31,5696f833-18ca-47bb-bf57-b6bf6b57699f,dados/brutos/recomendacoes_desafio1.json,1,2026-09-29 02:15:20.385642+00:00
1,236,0.0759,1.0,1,53.8,estavel,0.8318,2,2026-09-13T22:13:31,5696f833-18ca-47bb-bf57-b6bf6b57699f,dados/brutos/recomendacoes_desafio1.json,2,2026-09-29 02:15:20.385642+00:00
1,731,0.0759,1.0,1,53.8,estavel,0.8198,3,2026-09-13T22:13:31,5696f833-18ca-47bb-bf57-b6bf6b57699f,dados/brutos/recomendacoes_desafio1.json,3,2026-09-29 02:15:20.385642+00:00
1,96,0.0759,1.0,1,53.8,estavel,0.8066,4,2026-09-13T22:13:31,5696f833-18ca-47bb-bf57-b6bf6b57699f,dados/brutos/recomendacoes_desafio1.json,4,2026-09-29 02:15:20.385642+00:00
1,186,0.0759,1.0,1,53.8,estavel,0.8066,5,2026-09-13T22:13:31,5696f833-18ca-47bb-bf57-b6bf6b57699f,dados/brutos/recomendacoes_desafio1.json,5,2026-09-29 02:15:20.385642+00:00
1,166,0.0759,1.0,1,53.8,estavel,0.8055,6,2026-09-13T22:13:31,5696f833-18ca-47bb-bf57-b6bf6b57699f,dados/brutos/recomendacoes_desafio1.json,6,2026-09-29 02:15:20.385642+00:00
1,699,0.0759,1.0,1,53.8,estavel,0.8029,7,2026-09-13T22:13:31,5696f833-18ca-47bb-bf57-b6bf6b57699f,dados/brutos/recomendacoes_desafio1.json,7,2026-09-29 02:15:20.385642+00:00
1,347,0.0759,1.0,1,53.8,estavel,0.801,8,2026-09-13T22:13:31,5696f833-18ca-47bb-bf57-b6bf6b57699f,dados/brutos/recomendacoes_desafio1.json,8,2026-09-29 02:15:20.385642+00:00
1,217,0.0759,1.0,1,53.8,estavel,0.7952,9,2026-09-13T22:13:31,5696f833-18ca-47bb-bf57-b6bf6b57699f,dados/brutos/recomendacoes_desafio1.json,9,2026-09-29 02:15:20.385642+00:00
1,360,0.0759,1.0,1,53.8,estavel,0.7948,10,2026-09-13T22:13:31,5696f833-18ca-47bb-bf57-b6bf6b57699f,dados/brutos/recomendacoes_desafio1.json,10,2026-09-29 02:15:20.385642+00:00
4,352,0.7652,1.0,1,88.26,positivo,0.8538,1,2026-09-13T22:13:31,5696f833-18ca-47bb-bf57-b6bf6b57699f,dados/brutos/recomendacoes_desafio1.json,11,2026-09-29 02:15:20.385642+00:00
4,178,0.7652,1.0,1,88.26,positivo,0.8397,2,2026-09-13T22:13:31,5696f833-18ca-47bb-bf57-b6bf6b57699f,dados/brutos/recomendacoes_desafio1.json,12,2026-09-29 02:15:20.385642+00:00
4,926,0.7652,1.0,1,88.26,positivo,0.8304,3,2026-09-13T22:13:31,5696f833-18ca-47bb-bf57-b6bf6b57699f,dados/brutos/recomendacoes_desafio1.json,13,2026-09-29 02:15:20.385642+00:00
4,108,0.7652,1.0,1,88.26,positivo,0.8269,4,2026-09-13T22:13:31,5696f833-18ca-47bb-bf57-b6bf6b57699f,dados/brutos/recomendacoes_desafio1.json,14,2026-09-29 02:15:20.385642+00:00
4,317,0.7652,1.0,1,88.26,positivo,0.8252,5,2026-09-13T22:13:31,5696f833-18ca-47bb-bf57-b6bf6b57699f,dados/brutos/recomendacoes_desafio1.json,15,2026-09-29 02:15:20.385642+00:00
4,270,0.7652,1.0,1,88.26,positivo,0.8215,6,2026-09-13T22:13:31,5696f833-18ca-47bb-bf57-b6bf6b57699f,dados/brutos/recomendacoes_desafio1.json,16,2026-09-29 02:15:20.385642+00:00
4,707,0.7652,1.0,1,88.26,positivo,0.8213,7,2026-09-13T22:13:31,5696f833-18ca-47bb-bf57-b6bf6b57699f,dados/brutos/recomendacoes_desafio1.json,17,2026-09-29 02:15:20.385642+00:00
4,28,0.7652,1.0,1,88.26,positivo,0.8199,8,2026-09-13T22:13:31,5696f833-18ca-47bb-bf57-b6bf6b57699f,dados/brutos/recomendacoes_desafio1.json,18,2026-09-29 02:15:20.385642+00:00
4,489,0.7652,1.0,1,88.26,positivo,0.8183,9,2026-09-13T22:13:31,5696f833-18ca-47bb-bf57-b6bf6b57699f,dados/brutos/recomendacoes_desafio1.json,19,2026-09-29 02:15:20.385642+00:00
4,595,0.7652,1.0,1,88.26,positivo,0.8174,10,2026-09-13T22:13:31,5696f833-18ca-47bb-bf57-b6bf6b57699f,dados/brutos/recomendacoes_desafio1.json,20,2026-09-29 02:15:20.385642+00:00
