usuario_id,uf,data_cadastro,atualizado_em,_execucao_id,_origem,_linha,_ingerido_em
1,RJ,2025-12-20,2026-08-06 21:52:58,5696f833-18ca-47bb-bf57-b6bf6b57699f,dados/brutos/usuarios.csv,1,2026-09-29 02:15:20.146365+00:00
2,SP,2025-08-15,2026-04-23 11:26:27,5696f833-18ca-47bb-bf57-b6bf6b57699f,dados/brutos/usuarios.csv,2,2026-09-29 02:15:20.146365+00:00
3,RN,2025-12-08,2025-12-20 13:25:45,5696f833-18ca-47bb-bf57-b6bf6b57699f,dados/brutos/usuarios.csv,3,2026-09-29 02:15:20.146365+00:00
4,RN,2025-09-19,2026-06-08 18:51:33,5696f833-18ca-47bb-bf57-b6bf6b57699f,dados/brutos/usuarios.csv,4,2026-09-29 02:15:20.146365+00:00
5,AM,2025-07-27,2026-03-24 19:51:57,5696f833-18ca-47bb-bf57-b6bf6b57699f,dados/brutos/usuarios.csv,5,2026-09-29 02:15:20.146365+00:00
6,MS,2025-09-09,2026-06-03 17:49:22,5696f833-18ca-47bb-bf57-b6bf6b57699f,dados/brutos/usuarios.csv,6,2026-09-29 02:15:20.146365+00:00
7,AM,2025-07-11,2026-07-12 18:45:24,5696f833-18ca-47bb-bf57-b6bf6b57699f,dados/brutos/usuarios.csv,7,2026-09-29 02:15:20.146365+00:00
8,SP,2025-09-18,2026-07-12 19:54:02,5696f833-18ca-47bb-bf57-b6bf6b57699f,dados/brutos/usuarios.csv,8,2026-09-29 02:15:20.146365+00:00
9,RN,2025-07-15,2026-03-23 04:54:36,5696f833-18ca-47bb-bf57-b6bf6b57699f,dados/brutos/usuarios.csv,9,2026-09-29 02:15:20.146365+00:00
10,CE,2026-01-05,2026-05-18 07:09:41,5696f833-18ca-47bb-bf57-b6bf6b57699f,dados/brutos/usuarios.csv,10,2026-09-29 02:15:20.146365+00:00
11,RJ,2025-10-14,2026-06-09 20:48:43,5696f833-18ca-47bb-bf57-b6bf6b57699f,dados/brutos/usuarios.csv,11,2026-09-29 02:15:20.146365+00:00
12,MG,2026-01-06,2026-06-20 19:50:03,5696f833-18ca-47bb-bf57-b6bf6b57699f,dados/brutos/usuarios.csv,12,2026-09-29 02:15:20.146365+00:00
13,ES,2025-11-17,2025-12-27 13:57:04,5696f833-18ca-47bb-bf57-b6bf6b57699f,dados/brutos/usuarios.csv,13,2026-09-29 02:15:20.146365+00:00
14,DF,2025-09-24,2026-02-11 03:26:34,5696f833-18ca-47bb-bf57-b6bf6b57699f,dados/brutos/usuarios.csv,14,2026-09-29 02:15:20.146365+00:00
15,MS,2025-10-28,2026-03-20 20:14:09,5696f833-18ca-47bb-bf57-b6bf6b57699f,dados/brutos/usuarios.csv,15,2026-09-29 02:15:20.146365+00:00
16,SP,2025-07-15,2026-01-13 06:45:13,5696f833-18ca-47bb-bf57-b6bf6b57699f,dados/brutos/usuarios.csv,16,2026-09-29 02:15:20.146365+00:00
17,RS,2025-10-07,2025-10-14 02:05:11,5696f833-18ca-47bb-bf57-b6bf6b57699f,dados/brutos/usuarios.csv,17,2026-09-29 02:15:20.146365+00:00
18,MS,2025-10-12,2026-05-18 04:20:55,5696f833-18ca-47bb-bf57-b6bf6b57699f,dados/brutos/usuarios.csv,18,2026-09-29 02:15:20.146365+00:00
19,BA,2025-08-28,2025-09-07 19:44:21,5696f833-18ca-47bb-bf57-b6bf6b57699f,dados/brutos/usuarios.csv,19,2026-09-29 02:15:20.146365+00:00
20,RN,2025-12-14,2026-03-15 15:07:13,5696f833-18ca-47bb-bf57-b6bf6b57699f,dados/brutos/usuarios.csv,20,2026-09-29 02:15:20.146365+00:00
