quarentena_id,fonte,origem,linha,chave_registro,regra,severidade,mensagem,status,criado_em,corrigido_em,reprocessado_em,execucao_id,ultima_execucao_id,reprocessado_execucao_id
7,catalogo,dados/brutos/lote_2/catalogo.csv,10,1010,CONFLITO_VERSAO,baixa,"mesmo conteudo_id da linha 42, que prevalece (ultima ocorrencia no arquivo)",descartado,2026-09-29 00:38:28.857531+00:00,,,1cac1195-0ba2-4fd5-9cbd-5fd4b0f48bfc,1cac1195-0ba2-4fd5-9cbd-5fd4b0f48bfc,
1,catalogo,dados/brutos/lote_2/catalogo.csv,41,1005,DUPLICADO,baixa,copia identica da linha 5,descartado,2026-09-29 00:38:28.857531+00:00,,,1cac1195-0ba2-4fd5-9cbd-5fd4b0f48bfc,1cac1195-0ba2-4fd5-9cbd-5fd4b0f48bfc,
2,catalogo,dados/brutos/lote_2/catalogo.csv,44,1041,VALOR_NEGATIVO,media,carga_horaria_min -45 negativa,reprocessado,2026-09-29 00:38:28.857531+00:00,2026-09-29 00:38:49.462366+00:00,2026-09-29 00:39:03.321064+00:00,1cac1195-0ba2-4fd5-9cbd-5fd4b0f48bfc,1cac1195-0ba2-4fd5-9cbd-5fd4b0f48bfc,fc6374ce-5b9b-45b6-bf6a-f5dbed4d3530
3,catalogo,dados/brutos/lote_2/catalogo.csv,45,1042,DOMINIO,media,"tipo 'Webinar' fora de Curso, Vídeo, Artigo, Podcast",pendente,2026-09-29 00:38:28.857531+00:00,,,1cac1195-0ba2-4fd5-9cbd-5fd4b0f48bfc,943c1278-fb29-4b01-86ac-71df4dcaca49,
4,catalogo,dados/brutos/lote_2/catalogo.csv,46,1043,DATA_INVALIDA,alta,data_publicacao '31/02/2026' nao e uma data valida,pendente,2026-09-29 00:38:28.857531+00:00,,,1cac1195-0ba2-4fd5-9cbd-5fd4b0f48bfc,943c1278-fb29-4b01-86ac-71df4dcaca49,
5,catalogo,dados/brutos/lote_2/catalogo.csv,47,1044,CAMPO_OBRIGATORIO,alta,campos ausentes: titulo,pendente,2026-09-29 00:38:28.857531+00:00,,,1cac1195-0ba2-4fd5-9cbd-5fd4b0f48bfc,943c1278-fb29-4b01-86ac-71df4dcaca49,
6,catalogo,dados/brutos/lote_2/catalogo.csv,48,abc,TIPO_INVALIDO,alta,conteudo_id 'abc' nao e inteiro,pendente,2026-09-29 00:38:28.857531+00:00,,,1cac1195-0ba2-4fd5-9cbd-5fd4b0f48bfc,943c1278-fb29-4b01-86ac-71df4dcaca49,
144,comentarios,dados/brutos/comentarios.json,19,"usuario 116, conteudo 689, 2026-03-24",DATA_ANTES_PUBLICACAO,media,data 2026-03-24 anterior a publicacao do conteudo (2026-06-11),pendente,2026-09-29 00:38:28.857531+00:00,,,1cac1195-0ba2-4fd5-9cbd-5fd4b0f48bfc,943c1278-fb29-4b01-86ac-71df4dcaca49,
117,comentarios,dados/brutos/comentarios.json,63,"usuario 31, conteudo 937, 2026-04-19",DATA_ANTES_PUBLICACAO,media,data 2026-04-19 anterior a publicacao do conteudo (2026-04-21),pendente,2026-09-29 00:38:28.857531+00:00,,,1cac1195-0ba2-4fd5-9cbd-5fd4b0f48bfc,943c1278-fb29-4b01-86ac-71df4dcaca49,
151,comentarios,dados/brutos/comentarios.json,73,"usuario 133, conteudo 722, 2026-02-14",DATA_ANTES_PUBLICACAO,media,data 2026-02-14 anterior a publicacao do conteudo (2026-05-28),pendente,2026-09-29 00:38:28.857531+00:00,,,1cac1195-0ba2-4fd5-9cbd-5fd4b0f48bfc,943c1278-fb29-4b01-86ac-71df4dcaca49,
129,comentarios,dados/brutos/comentarios.json,88,"usuario 77, conteudo 321, 2026-05-04",DATA_ANTES_PUBLICACAO,media,data 2026-05-04 anterior a publicacao do conteudo (2026-06-22),pendente,2026-09-29 00:38:28.857531+00:00,,,1cac1195-0ba2-4fd5-9cbd-5fd4b0f48bfc,943c1278-fb29-4b01-86ac-71df4dcaca49,
123,comentarios,dados/brutos/comentarios.json,94,"usuario 53, conteudo 88, 2026-03-12",DATA_ANTES_PUBLICACAO,media,data 2026-03-12 anterior a publicacao do conteudo (2026-06-18),pendente,2026-09-29 00:38:28.857531+00:00,,,1cac1195-0ba2-4fd5-9cbd-5fd4b0f48bfc,943c1278-fb29-4b01-86ac-71df4dcaca49,
147,comentarios,dados/brutos/comentarios.json,95,"usuario 123, conteudo 787, 2026-04-21",DATA_ANTES_PUBLICACAO,media,data 2026-04-21 anterior a publicacao do conteudo (2026-06-07),pendente,2026-09-29 00:38:28.857531+00:00,,,1cac1195-0ba2-4fd5-9cbd-5fd4b0f48bfc,943c1278-fb29-4b01-86ac-71df4dcaca49,
148,comentarios,dados/brutos/comentarios.json,110,"usuario 126, conteudo 345, 2026-02-25",DATA_ANTES_PUBLICACAO,media,data 2026-02-25 anterior a publicacao do conteudo (2026-06-30),pendente,2026-09-29 00:38:28.857531+00:00,,,1cac1195-0ba2-4fd5-9cbd-5fd4b0f48bfc,943c1278-fb29-4b01-86ac-71df4dcaca49,
124,comentarios,dados/brutos/comentarios.json,111,"usuario 58, conteudo 806, 2026-01-30",DATA_ANTES_PUBLICACAO,media,data 2026-01-30 anterior a publicacao do conteudo (2026-02-10),pendente,2026-09-29 00:38:28.857531+00:00,,,1cac1195-0ba2-4fd5-9cbd-5fd4b0f48bfc,943c1278-fb29-4b01-86ac-71df4dcaca49,
131,comentarios,dados/brutos/comentarios.json,126,"usuario 82, conteudo 867, 2026-05-15",DATA_ANTES_PUBLICACAO,media,data 2026-05-15 anterior a publicacao do conteudo (2026-06-04),pendente,2026-09-29 00:38:28.857531+00:00,,,1cac1195-0ba2-4fd5-9cbd-5fd4b0f48bfc,943c1278-fb29-4b01-86ac-71df4dcaca49,
109,comentarios,dados/brutos/comentarios.json,153,"usuario 22, conteudo 576, 2026-03-08",DATA_ANTES_PUBLICACAO,media,data 2026-03-08 anterior a publicacao do conteudo (2026-03-23),pendente,2026-09-29 00:38:28.857531+00:00,,,1cac1195-0ba2-4fd5-9cbd-5fd4b0f48bfc,943c1278-fb29-4b01-86ac-71df4dcaca49,
136,comentarios,dados/brutos/comentarios.json,177,"usuario 101, conteudo 103, 2026-03-05",DATA_ANTES_PUBLICACAO,media,data 2026-03-05 anterior a publicacao do conteudo (2026-03-31),pendente,2026-09-29 00:38:28.857531+00:00,,,1cac1195-0ba2-4fd5-9cbd-5fd4b0f48bfc,943c1278-fb29-4b01-86ac-71df4dcaca49,
106,comentarios,dados/brutos/comentarios.json,200,"usuario 7, conteudo 619, 2026-02-18",DATA_ANTES_PUBLICACAO,media,data 2026-02-18 anterior a publicacao do conteudo (2026-02-28),pendente,2026-09-29 00:38:28.857531+00:00,,,1cac1195-0ba2-4fd5-9cbd-5fd4b0f48bfc,943c1278-fb29-4b01-86ac-71df4dcaca49,
134,comentarios,dados/brutos/comentarios.json,208,"usuario 94, conteudo 829, 2026-02-03",DATA_ANTES_PUBLICACAO,media,data 2026-02-03 anterior a publicacao do conteudo (2026-06-13),pendente,2026-09-29 00:38:28.857531+00:00,,,1cac1195-0ba2-4fd5-9cbd-5fd4b0f48bfc,943c1278-fb29-4b01-86ac-71df4dcaca49,
121,comentarios,dados/brutos/comentarios.json,235,"usuario 46, conteudo 61, 2026-05-09",DATA_ANTES_PUBLICACAO,media,data 2026-05-09 anterior a publicacao do conteudo (2026-05-11),pendente,2026-09-29 00:38:28.857531+00:00,,,1cac1195-0ba2-4fd5-9cbd-5fd4b0f48bfc,943c1278-fb29-4b01-86ac-71df4dcaca49,
110,comentarios,dados/brutos/comentarios.json,238,"usuario 22, conteudo 759, 2026-01-21",DATA_ANTES_PUBLICACAO,media,data 2026-01-21 anterior a publicacao do conteudo (2026-06-08),pendente,2026-09-29 00:38:28.857531+00:00,,,1cac1195-0ba2-4fd5-9cbd-5fd4b0f48bfc,943c1278-fb29-4b01-86ac-71df4dcaca49,
138,comentarios,dados/brutos/comentarios.json,266,"usuario 103, conteudo 432, 2026-01-24",DATA_ANTES_PUBLICACAO,media,data 2026-01-24 anterior a publicacao do conteudo (2026-04-04),pendente,2026-09-29 00:38:28.857531+00:00,,,1cac1195-0ba2-4fd5-9cbd-5fd4b0f48bfc,943c1278-fb29-4b01-86ac-71df4dcaca49,
156,comentarios,dados/brutos/comentarios.json,271,"usuario 144, conteudo 545, 2026-03-12",DATA_ANTES_PUBLICACAO,media,data 2026-03-12 anterior a publicacao do conteudo (2026-05-16),pendente,2026-09-29 00:38:28.857531+00:00,,,1cac1195-0ba2-4fd5-9cbd-5fd4b0f48bfc,943c1278-fb29-4b01-86ac-71df4dcaca49,
125,comentarios,dados/brutos/comentarios.json,286,"usuario 62, conteudo 906, 2026-01-21",DATA_ANTES_PUBLICACAO,media,data 2026-01-21 anterior a publicacao do conteudo (2026-05-17),pendente,2026-09-29 00:38:28.857531+00:00,,,1cac1195-0ba2-4fd5-9cbd-5fd4b0f48bfc,943c1278-fb29-4b01-86ac-71df4dcaca49,
114,comentarios,dados/brutos/comentarios.json,307,"usuario 29, conteudo 121, 2026-03-05",DATA_ANTES_PUBLICACAO,media,data 2026-03-05 anterior a publicacao do conteudo (2026-04-17),pendente,2026-09-29 00:38:28.857531+00:00,,,1cac1195-0ba2-4fd5-9cbd-5fd4b0f48bfc,943c1278-fb29-4b01-86ac-71df4dcaca49,
128,comentarios,dados/brutos/comentarios.json,333,"usuario 74, conteudo 773, 2026-02-16",DATA_ANTES_PUBLICACAO,media,data 2026-02-16 anterior a publicacao do conteudo (2026-03-27),pendente,2026-09-29 00:38:28.857531+00:00,,,1cac1195-0ba2-4fd5-9cbd-5fd4b0f48bfc,943c1278-fb29-4b01-86ac-71df4dcaca49,
118,comentarios,dados/brutos/comentarios.json,338,"usuario 39, conteudo 703, 2026-02-23",DATA_ANTES_PUBLICACAO,media,data 2026-02-23 anterior a publicacao do conteudo (2026-03-24),pendente,2026-09-29 00:38:28.857531+00:00,,,1cac1195-0ba2-4fd5-9cbd-5fd4b0f48bfc,943c1278-fb29-4b01-86ac-71df4dcaca49,
132,comentarios,dados/brutos/comentarios.json,356,"usuario 88, conteudo 229, 2026-04-14",DATA_ANTES_PUBLICACAO,media,data 2026-04-14 anterior a publicacao do conteudo (2026-06-17),pendente,2026-09-29 00:38:28.857531+00:00,,,1cac1195-0ba2-4fd5-9cbd-5fd4b0f48bfc,943c1278-fb29-4b01-86ac-71df4dcaca49,
157,comentarios,dados/brutos/comentarios.json,359,"usuario 146, conteudo 308, 2026-01-27",DATA_ANTES_PUBLICACAO,media,data 2026-01-27 anterior a publicacao do conteudo (2026-03-04),pendente,2026-09-29 00:38:28.857531+00:00,,,1cac1195-0ba2-4fd5-9cbd-5fd4b0f48bfc,943c1278-fb29-4b01-86ac-71df4dcaca49,
137,comentarios,dados/brutos/comentarios.json,360,"usuario 102, conteudo 179, 2026-03-22",DATA_ANTES_PUBLICACAO,media,data 2026-03-22 anterior a publicacao do conteudo (2026-05-03),pendente,2026-09-29 00:38:28.857531+00:00,,,1cac1195-0ba2-4fd5-9cbd-5fd4b0f48bfc,943c1278-fb29-4b01-86ac-71df4dcaca49,
159,comentarios,dados/brutos/comentarios.json,390,"usuario 150, conteudo 757, 2026-03-06",DATA_ANTES_PUBLICACAO,media,data 2026-03-06 anterior a publicacao do conteudo (2026-06-20),pendente,2026-09-29 00:38:28.857531+00:00,,,1cac1195-0ba2-4fd5-9cbd-5fd4b0f48bfc,943c1278-fb29-4b01-86ac-71df4dcaca49,
153,comentarios,dados/brutos/comentarios.json,401,"usuario 143, conteudo 669, 2026-02-09",DATA_ANTES_PUBLICACAO,media,data 2026-02-09 anterior a publicacao do conteudo (2026-04-20),pendente,2026-09-29 00:38:28.857531+00:00,,,1cac1195-0ba2-4fd5-9cbd-5fd4b0f48bfc,943c1278-fb29-4b01-86ac-71df4dcaca49,
112,comentarios,dados/brutos/comentarios.json,402,"usuario 27, conteudo 5, 2026-03-03",DATA_ANTES_PUBLICACAO,media,data 2026-03-03 anterior a publicacao do conteudo (2026-05-18),pendente,2026-09-29 00:38:28.857531+00:00,,,1cac1195-0ba2-4fd5-9cbd-5fd4b0f48bfc,943c1278-fb29-4b01-86ac-71df4dcaca49,
141,comentarios,dados/brutos/comentarios.json,403,"usuario 110, conteudo 124, 2026-03-29",DATA_ANTES_PUBLICACAO,media,data 2026-03-29 anterior a publicacao do conteudo (2026-06-05),pendente,2026-09-29 00:38:28.857531+00:00,,,1cac1195-0ba2-4fd5-9cbd-5fd4b0f48bfc,943c1278-fb29-4b01-86ac-71df4dcaca49,
104,comentarios,dados/brutos/comentarios.json,418,"usuario 4, conteudo 745, 2026-01-19",DATA_ANTES_PUBLICACAO,media,data 2026-01-19 anterior a publicacao do conteudo (2026-03-20),pendente,2026-09-29 00:38:28.857531+00:00,,,1cac1195-0ba2-4fd5-9cbd-5fd4b0f48bfc,943c1278-fb29-4b01-86ac-71df4dcaca49,
146,comentarios,dados/brutos/comentarios.json,448,"usuario 122, conteudo 514, 2026-06-02",DATA_ANTES_PUBLICACAO,media,data 2026-06-02 anterior a publicacao do conteudo (2026-06-08),pendente,2026-09-29 00:38:28.857531+00:00,,,1cac1195-0ba2-4fd5-9cbd-5fd4b0f48bfc,943c1278-fb29-4b01-86ac-71df4dcaca49,
126,comentarios,dados/brutos/comentarios.json,464,"usuario 65, conteudo 5, 2026-02-27",DATA_ANTES_PUBLICACAO,media,data 2026-02-27 anterior a publicacao do conteudo (2026-05-18),pendente,2026-09-29 00:38:28.857531+00:00,,,1cac1195-0ba2-4fd5-9cbd-5fd4b0f48bfc,943c1278-fb29-4b01-86ac-71df4dcaca49,
120,comentarios,dados/brutos/comentarios.json,506,"usuario 45, conteudo 308, 2026-02-02",DATA_ANTES_PUBLICACAO,media,data 2026-02-02 anterior a publicacao do conteudo (2026-03-04),pendente,2026-09-29 00:38:28.857531+00:00,,,1cac1195-0ba2-4fd5-9cbd-5fd4b0f48bfc,943c1278-fb29-4b01-86ac-71df4dcaca49,
122,comentarios,dados/brutos/comentarios.json,528,"usuario 47, conteudo 72, 2026-04-03",DATA_ANTES_PUBLICACAO,media,data 2026-04-03 anterior a publicacao do conteudo (2026-06-23),pendente,2026-09-29 00:38:28.857531+00:00,,,1cac1195-0ba2-4fd5-9cbd-5fd4b0f48bfc,943c1278-fb29-4b01-86ac-71df4dcaca49,
143,comentarios,dados/brutos/comentarios.json,588,"usuario 115, conteudo 129, 2026-02-14",DATA_ANTES_PUBLICACAO,media,data 2026-02-14 anterior a publicacao do conteudo (2026-06-03),pendente,2026-09-29 00:38:28.857531+00:00,,,1cac1195-0ba2-4fd5-9cbd-5fd4b0f48bfc,943c1278-fb29-4b01-86ac-71df4dcaca49,
149,comentarios,dados/brutos/comentarios.json,650,"usuario 126, conteudo 498, 2026-03-19",DATA_ANTES_PUBLICACAO,media,data 2026-03-19 anterior a publicacao do conteudo (2026-04-29),pendente,2026-09-29 00:38:28.857531+00:00,,,1cac1195-0ba2-4fd5-9cbd-5fd4b0f48bfc,943c1278-fb29-4b01-86ac-71df4dcaca49,
107,comentarios,dados/brutos/comentarios.json,652,"usuario 9, conteudo 973, 2026-02-03",DATA_ANTES_PUBLICACAO,media,data 2026-02-03 anterior a publicacao do conteudo (2026-05-01),pendente,2026-09-29 00:38:28.857531+00:00,,,1cac1195-0ba2-4fd5-9cbd-5fd4b0f48bfc,943c1278-fb29-4b01-86ac-71df4dcaca49,
116,comentarios,dados/brutos/comentarios.json,653,"usuario 31, conteudo 545, 2026-02-19",DATA_ANTES_PUBLICACAO,media,data 2026-02-19 anterior a publicacao do conteudo (2026-05-16),pendente,2026-09-29 00:38:28.857531+00:00,,,1cac1195-0ba2-4fd5-9cbd-5fd4b0f48bfc,943c1278-fb29-4b01-86ac-71df4dcaca49,
108,comentarios,dados/brutos/comentarios.json,654,"usuario 12, conteudo 377, 2026-01-24",DATA_ANTES_PUBLICACAO,media,data 2026-01-24 anterior a publicacao do conteudo (2026-05-18),pendente,2026-09-29 00:38:28.857531+00:00,,,1cac1195-0ba2-4fd5-9cbd-5fd4b0f48bfc,943c1278-fb29-4b01-86ac-71df4dcaca49,
145,comentarios,dados/brutos/comentarios.json,658,"usuario 119, conteudo 135, 2026-04-23",DATA_ANTES_PUBLICACAO,media,data 2026-04-23 anterior a publicacao do conteudo (2026-05-25),pendente,2026-09-29 00:38:28.857531+00:00,,,1cac1195-0ba2-4fd5-9cbd-5fd4b0f48bfc,943c1278-fb29-4b01-86ac-71df4dcaca49,
119,comentarios,dados/brutos/comentarios.json,686,"usuario 40, conteudo 345, 2026-02-04",DATA_ANTES_PUBLICACAO,media,data 2026-02-04 anterior a publicacao do conteudo (2026-06-30),pendente,2026-09-29 00:38:28.857531+00:00,,,1cac1195-0ba2-4fd5-9cbd-5fd4b0f48bfc,943c1278-fb29-4b01-86ac-71df4dcaca49,
150,comentarios,dados/brutos/comentarios.json,702,"usuario 129, conteudo 135, 2026-02-23",DATA_ANTES_PUBLICACAO,media,data 2026-02-23 anterior a publicacao do conteudo (2026-05-25),pendente,2026-09-29 00:38:28.857531+00:00,,,1cac1195-0ba2-4fd5-9cbd-5fd4b0f48bfc,943c1278-fb29-4b01-86ac-71df4dcaca49,
154,comentarios,dados/brutos/comentarios.json,706,"usuario 143, conteudo 669, 2026-02-14",DATA_ANTES_PUBLICACAO,media,data 2026-02-14 anterior a publicacao do conteudo (2026-04-20),pendente,2026-09-29 00:38:28.857531+00:00,,,1cac1195-0ba2-4fd5-9cbd-5fd4b0f48bfc,943c1278-fb29-4b01-86ac-71df4dcaca49,
158,comentarios,dados/brutos/comentarios.json,727,"usuario 149, conteudo 669, 2026-02-15",DATA_ANTES_PUBLICACAO,media,data 2026-02-15 anterior a publicacao do conteudo (2026-04-20),pendente,2026-09-29 00:38:28.857531+00:00,,,1cac1195-0ba2-4fd5-9cbd-5fd4b0f48bfc,943c1278-fb29-4b01-86ac-71df4dcaca49,
111,comentarios,dados/brutos/comentarios.json,735,"usuario 23, conteudo 345, 2026-02-28",DATA_ANTES_PUBLICACAO,media,data 2026-02-28 anterior a publicacao do conteudo (2026-06-30),pendente,2026-09-29 00:38:28.857531+00:00,,,1cac1195-0ba2-4fd5-9cbd-5fd4b0f48bfc,943c1278-fb29-4b01-86ac-71df4dcaca49,
135,comentarios,dados/brutos/comentarios.json,744,"usuario 94, conteudo 994, 2026-03-08",DATA_ANTES_PUBLICACAO,media,data 2026-03-08 anterior a publicacao do conteudo (2026-04-08),pendente,2026-09-29 00:38:28.857531+00:00,,,1cac1195-0ba2-4fd5-9cbd-5fd4b0f48bfc,943c1278-fb29-4b01-86ac-71df4dcaca49,
140,comentarios,dados/brutos/comentarios.json,789,"usuario 106, conteudo 906, 2026-04-15",DATA_ANTES_PUBLICACAO,media,data 2026-04-15 anterior a publicacao do conteudo (2026-05-17),pendente,2026-09-29 00:38:28.857531+00:00,,,1cac1195-0ba2-4fd5-9cbd-5fd4b0f48bfc,943c1278-fb29-4b01-86ac-71df4dcaca49,
152,comentarios,dados/brutos/comentarios.json,792,"usuario 134, conteudo 378, 2026-01-27",DATA_ANTES_PUBLICACAO,media,data 2026-01-27 anterior a publicacao do conteudo (2026-06-25),pendente,2026-09-29 00:38:28.857531+00:00,,,1cac1195-0ba2-4fd5-9cbd-5fd4b0f48bfc,943c1278-fb29-4b01-86ac-71df4dcaca49,
155,comentarios,dados/brutos/comentarios.json,864,"usuario 143, conteudo 705, 2026-02-22",DATA_ANTES_PUBLICACAO,media,data 2026-02-22 anterior a publicacao do conteudo (2026-03-23),pendente,2026-09-29 00:38:28.857531+00:00,,,1cac1195-0ba2-4fd5-9cbd-5fd4b0f48bfc,943c1278-fb29-4b01-86ac-71df4dcaca49,
133,comentarios,dados/brutos/comentarios.json,894,"usuario 88, conteudo 721, 2026-05-14",DATA_ANTES_PUBLICACAO,media,data 2026-05-14 anterior a publicacao do conteudo (2026-05-17),pendente,2026-09-29 00:38:28.857531+00:00,,,1cac1195-0ba2-4fd5-9cbd-5fd4b0f48bfc,943c1278-fb29-4b01-86ac-71df4dcaca49,
105,comentarios,dados/brutos/comentarios.json,929,"usuario 4, conteudo 857, 2026-03-01",DATA_ANTES_PUBLICACAO,media,data 2026-03-01 anterior a publicacao do conteudo (2026-05-16),pendente,2026-09-29 00:38:28.857531+00:00,,,1cac1195-0ba2-4fd5-9cbd-5fd4b0f48bfc,943c1278-fb29-4b01-86ac-71df4dcaca49,
130,comentarios,dados/brutos/comentarios.json,953,"usuario 79, conteudo 463, 2026-02-03",DATA_ANTES_PUBLICACAO,media,data 2026-02-03 anterior a publicacao do conteudo (2026-03-22),pendente,2026-09-29 00:38:28.857531+00:00,,,1cac1195-0ba2-4fd5-9cbd-5fd4b0f48bfc,943c1278-fb29-4b01-86ac-71df4dcaca49,
115,comentarios,dados/brutos/comentarios.json,962,"usuario 30, conteudo 130, 2026-02-25",DATA_ANTES_PUBLICACAO,media,data 2026-02-25 anterior a publicacao do conteudo (2026-04-13),pendente,2026-09-29 00:38:28.857531+00:00,,,1cac1195-0ba2-4fd5-9cbd-5fd4b0f48bfc,943c1278-fb29-4b01-86ac-71df4dcaca49,
139,comentarios,dados/brutos/lote_2/comentarios.json,111,"usuario 105, conteudo 230, 2026-09-05",FAIXA,media,avaliacao 7 fora de 1-5,pendente,2026-09-29 00:38:28.857531+00:00,,,1cac1195-0ba2-4fd5-9cbd-5fd4b0f48bfc,943c1278-fb29-4b01-86ac-71df4dcaca49,
160,comentarios,dados/brutos/lote_2/comentarios.json,112,"usuario 158, conteudo 595, 2026-09-03",CAMPO_OBRIGATORIO,alta,campos ausentes: comentario,pendente,2026-09-29 00:38:28.857531+00:00,,,1cac1195-0ba2-4fd5-9cbd-5fd4b0f48bfc,943c1278-fb29-4b01-86ac-71df4dcaca49,
127,comentarios,dados/brutos/lote_2/comentarios.json,113,"usuario 73, conteudo 118, 2026-09-02",FORMATO,media,"tags 'python, dados' nao e uma lista JSON",pendente,2026-09-29 00:38:28.857531+00:00,,,1cac1195-0ba2-4fd5-9cbd-5fd4b0f48bfc,943c1278-fb29-4b01-86ac-71df4dcaca49,
142,comentarios,dados/brutos/lote_2/comentarios.json,116,"usuario 115, conteudo 72, 2026-01-10",DATA_ANTES_PUBLICACAO,media,data 2026-01-10 anterior a publicacao do conteudo (2026-06-23),pendente,2026-09-29 00:38:28.857531+00:00,,,1cac1195-0ba2-4fd5-9cbd-5fd4b0f48bfc,943c1278-fb29-4b01-86ac-71df4dcaca49,
161,comentarios,dados/brutos/lote_2/comentarios.json,117,"usuario 999, conteudo 889, 2026-09-12",REF_USUARIO,alta,usuario 999 nao existe entre os usuarios aprovados,pendente,2026-09-29 00:38:28.857531+00:00,,,1cac1195-0ba2-4fd5-9cbd-5fd4b0f48bfc,943c1278-fb29-4b01-86ac-71df4dcaca49,
162,comentarios,dados/brutos/lote_2/comentarios.json,118,"usuario 15, conteudo 864, 2026-09-10",DUPLICADO,baixa,mesmo comentario da linha 1 de dados/brutos/lote_2/comentarios.json,descartado,2026-09-29 00:38:28.857531+00:00,,,1cac1195-0ba2-4fd5-9cbd-5fd4b0f48bfc,1cac1195-0ba2-4fd5-9cbd-5fd4b0f48bfc,
113,comentarios,dados/brutos/lote_2/comentarios.json,119,"usuario 28, conteudo 512, 2026-09-31",DATA_FUTURA,media,data 2026-09-30 no futuro,reprocessado,2026-09-29 00:38:28.857531+00:00,2026-09-29 00:39:41.400857+00:00,2026-09-29 00:39:55.971528+00:00,1cac1195-0ba2-4fd5-9cbd-5fd4b0f48bfc,fc6374ce-5b9b-45b6-bf6a-f5dbed4d3530,7dbd4209-12c0-42bf-92ff-ebe0ff16c4c1
76,interacoes,dados/brutos/interacoes.json,16,"usuario 106, conteudo 66, 2026-05-07T21:27:46",DATA_ANTES_PUBLICACAO,media,data_hora 2026-05-07 21:27:46 anterior a publicacao do conteudo (2026-05-21),pendente,2026-09-29 00:38:28.857531+00:00,,,1cac1195-0ba2-4fd5-9cbd-5fd4b0f48bfc,943c1278-fb29-4b01-86ac-71df4dcaca49,
70,interacoes,dados/brutos/interacoes.json,17,"usuario 95, conteudo 689, 2026-02-10T22:43:28",DATA_ANTES_PUBLICACAO,media,data_hora 2026-02-10 22:43:28 anterior a publicacao do conteudo (2026-06-11),pendente,2026-09-29 00:38:28.857531+00:00,,,1cac1195-0ba2-4fd5-9cbd-5fd4b0f48bfc,943c1278-fb29-4b01-86ac-71df4dcaca49,
92,interacoes,dados/brutos/interacoes.json,18,"usuario 131, conteudo 355, 2026-05-20T20:59:28",DATA_ANTES_PUBLICACAO,media,data_hora 2026-05-20 20:59:28 anterior a publicacao do conteudo (2026-06-14),pendente,2026-09-29 00:38:28.857531+00:00,,,1cac1195-0ba2-4fd5-9cbd-5fd4b0f48bfc,943c1278-fb29-4b01-86ac-71df4dcaca49,
89,interacoes,dados/brutos/interacoes.json,19,"usuario 126, conteudo 514, 2026-04-21T03:09:37",DATA_ANTES_PUBLICACAO,media,data_hora 2026-04-21 03:09:37 anterior a publicacao do conteudo (2026-06-08),pendente,2026-09-29 00:38:28.857531+00:00,,,1cac1195-0ba2-4fd5-9cbd-5fd4b0f48bfc,943c1278-fb29-4b01-86ac-71df4dcaca49,
71,interacoes,dados/brutos/interacoes.json,31,"usuario 97, conteudo 164, 2026-06-07T07:07:44",DATA_ANTES_PUBLICACAO,media,data_hora 2026-06-07 07:07:44 anterior a publicacao do conteudo (2026-06-29),pendente,2026-09-29 00:38:28.857531+00:00,,,1cac1195-0ba2-4fd5-9cbd-5fd4b0f48bfc,943c1278-fb29-4b01-86ac-71df4dcaca49,
36,interacoes,dados/brutos/interacoes.json,84,"usuario 31, conteudo 343, 2026-02-19T14:05:36",DATA_ANTES_PUBLICACAO,media,data_hora 2026-02-19 14:05:36 anterior a publicacao do conteudo (2026-02-20),pendente,2026-09-29 00:38:28.857531+00:00,,,1cac1195-0ba2-4fd5-9cbd-5fd4b0f48bfc,943c1278-fb29-4b01-86ac-71df4dcaca49,
31,interacoes,dados/brutos/interacoes.json,94,"usuario 21, conteudo 929, 2026-04-03T04:56:00",DATA_ANTES_PUBLICACAO,media,data_hora 2026-04-03 04:56:00 anterior a publicacao do conteudo (2026-06-30),pendente,2026-09-29 00:38:28.857531+00:00,,,1cac1195-0ba2-4fd5-9cbd-5fd4b0f48bfc,943c1278-fb29-4b01-86ac-71df4dcaca49,
58,interacoes,dados/brutos/interacoes.json,113,"usuario 73, conteudo 545, 2026-04-18T09:03:49",DATA_ANTES_PUBLICACAO,media,data_hora 2026-04-18 09:03:49 anterior a publicacao do conteudo (2026-05-16),pendente,2026-09-29 00:38:28.857531+00:00,,,1cac1195-0ba2-4fd5-9cbd-5fd4b0f48bfc,943c1278-fb29-4b01-86ac-71df4dcaca49,
65,interacoes,dados/brutos/interacoes.json,151,"usuario 81, conteudo 72, 2026-06-07T06:16:00",DATA_ANTES_PUBLICACAO,media,data_hora 2026-06-07 06:16:00 anterior a publicacao do conteudo (2026-06-23),pendente,2026-09-29 00:38:28.857531+00:00,,,1cac1195-0ba2-4fd5-9cbd-5fd4b0f48bfc,943c1278-fb29-4b01-86ac-71df4dcaca49,
72,interacoes,dados/brutos/interacoes.json,164,"usuario 98, conteudo 565, 2026-01-11T14:49:34",DATA_ANTES_PUBLICACAO,media,data_hora 2026-01-11 14:49:34 anterior a publicacao do conteudo (2026-06-11),pendente,2026-09-29 00:38:28.857531+00:00,,,1cac1195-0ba2-4fd5-9cbd-5fd4b0f48bfc,943c1278-fb29-4b01-86ac-71df4dcaca49,
15,interacoes,dados/brutos/interacoes.json,169,"usuario 2, conteudo 178, 2026-02-26T08:25:23",DATA_ANTES_PUBLICACAO,media,data_hora 2026-02-26 08:25:23 anterior a publicacao do conteudo (2026-05-11),pendente,2026-09-29 00:38:28.857531+00:00,,,1cac1195-0ba2-4fd5-9cbd-5fd4b0f48bfc,943c1278-fb29-4b01-86ac-71df4dcaca49,
46,interacoes,dados/brutos/interacoes.json,183,"usuario 46, conteudo 756, 2026-03-14T01:53:32",DATA_ANTES_PUBLICACAO,media,data_hora 2026-03-14 01:53:32 anterior a publicacao do conteudo (2026-04-01),pendente,2026-09-29 00:38:28.857531+00:00,,,1cac1195-0ba2-4fd5-9cbd-5fd4b0f48bfc,943c1278-fb29-4b01-86ac-71df4dcaca49,
44,interacoes,dados/brutos/interacoes.json,195,"usuario 45, conteudo 770, 2026-01-11T23:59:49",DATA_ANTES_PUBLICACAO,media,data_hora 2026-01-11 23:59:49 anterior a publicacao do conteudo (2026-01-29),pendente,2026-09-29 00:38:28.857531+00:00,,,1cac1195-0ba2-4fd5-9cbd-5fd4b0f48bfc,943c1278-fb29-4b01-86ac-71df4dcaca49,
97,interacoes,dados/brutos/interacoes.json,197,"usuario 142, conteudo 724, 2026-06-03T09:04:43",DATA_ANTES_PUBLICACAO,media,data_hora 2026-06-03 09:04:43 anterior a publicacao do conteudo (2026-06-30),pendente,2026-09-29 00:38:28.857531+00:00,,,1cac1195-0ba2-4fd5-9cbd-5fd4b0f48bfc,943c1278-fb29-4b01-86ac-71df4dcaca49,
66,interacoes,dados/brutos/interacoes.json,210,"usuario 88, conteudo 374, 2026-01-22T11:23:01",DATA_ANTES_PUBLICACAO,media,data_hora 2026-01-22 11:23:01 anterior a publicacao do conteudo (2026-03-06),pendente,2026-09-29 00:38:28.857531+00:00,,,1cac1195-0ba2-4fd5-9cbd-5fd4b0f48bfc,943c1278-fb29-4b01-86ac-71df4dcaca49,
82,interacoes,dados/brutos/interacoes.json,218,"usuario 109, conteudo 627, 2026-01-31T11:15:24",DATA_ANTES_PUBLICACAO,media,data_hora 2026-01-31 11:15:24 anterior a publicacao do conteudo (2026-03-30),pendente,2026-09-29 00:38:28.857531+00:00,,,1cac1195-0ba2-4fd5-9cbd-5fd4b0f48bfc,943c1278-fb29-4b01-86ac-71df4dcaca49,
42,interacoes,dados/brutos/interacoes.json,222,"usuario 42, conteudo 219, 2026-01-11T02:10:10",DATA_ANTES_PUBLICACAO,media,data_hora 2026-01-11 02:10:10 anterior a publicacao do conteudo (2026-03-29),pendente,2026-09-29 00:38:28.857531+00:00,,,1cac1195-0ba2-4fd5-9cbd-5fd4b0f48bfc,943c1278-fb29-4b01-86ac-71df4dcaca49,
56,interacoes,dados/brutos/interacoes.json,229,"usuario 67, conteudo 489, 2026-02-14T04:45:47",DATA_ANTES_PUBLICACAO,media,data_hora 2026-02-14 04:45:47 anterior a publicacao do conteudo (2026-06-27),pendente,2026-09-29 00:38:28.857531+00:00,,,1cac1195-0ba2-4fd5-9cbd-5fd4b0f48bfc,943c1278-fb29-4b01-86ac-71df4dcaca49,
84,interacoes,dados/brutos/interacoes.json,238,"usuario 114, conteudo 898, 2026-03-26T13:46:00",DATA_ANTES_PUBLICACAO,media,data_hora 2026-03-26 13:46:00 anterior a publicacao do conteudo (2026-05-19),pendente,2026-09-29 00:38:28.857531+00:00,,,1cac1195-0ba2-4fd5-9cbd-5fd4b0f48bfc,943c1278-fb29-4b01-86ac-71df4dcaca49,
100,interacoes,dados/brutos/interacoes.json,248,"usuario 146, conteudo 969, 2026-01-01T11:23:56",DATA_ANTES_PUBLICACAO,media,data_hora 2026-01-01 11:23:56 anterior a publicacao do conteudo (2026-01-29),pendente,2026-09-29 00:38:28.857531+00:00,,,1cac1195-0ba2-4fd5-9cbd-5fd4b0f48bfc,943c1278-fb29-4b01-86ac-71df4dcaca49,
60,interacoes,dados/brutos/interacoes.json,296,"usuario 75, conteudo 522, 2026-01-12T13:28:10",DATA_ANTES_PUBLICACAO,media,data_hora 2026-01-12 13:28:10 anterior a publicacao do conteudo (2026-01-27),pendente,2026-09-29 00:38:28.857531+00:00,,,1cac1195-0ba2-4fd5-9cbd-5fd4b0f48bfc,943c1278-fb29-4b01-86ac-71df4dcaca49,
90,interacoes,dados/brutos/interacoes.json,304,"usuario 126, conteudo 566, 2026-04-26T05:04:35",DATA_ANTES_PUBLICACAO,media,data_hora 2026-04-26 05:04:35 anterior a publicacao do conteudo (2026-04-30),pendente,2026-09-29 00:38:28.857531+00:00,,,1cac1195-0ba2-4fd5-9cbd-5fd4b0f48bfc,943c1278-fb29-4b01-86ac-71df4dcaca49,
73,interacoes,dados/brutos/interacoes.json,305,"usuario 99, conteudo 282, 2026-04-05T15:34:12",DATA_ANTES_PUBLICACAO,media,data_hora 2026-04-05 15:34:12 anterior a publicacao do conteudo (2026-04-14),pendente,2026-09-29 00:38:28.857531+00:00,,,1cac1195-0ba2-4fd5-9cbd-5fd4b0f48bfc,943c1278-fb29-4b01-86ac-71df4dcaca49,
43,interacoes,dados/brutos/interacoes.json,320,"usuario 45, conteudo 212, 2026-06-12T22:04:07",DATA_ANTES_PUBLICACAO,media,data_hora 2026-06-12 22:04:07 anterior a publicacao do conteudo (2026-06-17),pendente,2026-09-29 00:38:28.857531+00:00,,,1cac1195-0ba2-4fd5-9cbd-5fd4b0f48bfc,943c1278-fb29-4b01-86ac-71df4dcaca49,
64,interacoes,dados/brutos/interacoes.json,343,"usuario 80, conteudo 178, 2026-02-03T01:32:35",DATA_ANTES_PUBLICACAO,media,data_hora 2026-02-03 01:32:35 anterior a publicacao do conteudo (2026-05-11),pendente,2026-09-29 00:38:28.857531+00:00,,,1cac1195-0ba2-4fd5-9cbd-5fd4b0f48bfc,943c1278-fb29-4b01-86ac-71df4dcaca49,
86,interacoes,dados/brutos/interacoes.json,355,"usuario 117, conteudo 325, 2026-01-29T14:58:41",DATA_ANTES_PUBLICACAO,media,data_hora 2026-01-29 14:58:41 anterior a publicacao do conteudo (2026-04-15),pendente,2026-09-29 00:38:28.857531+00:00,,,1cac1195-0ba2-4fd5-9cbd-5fd4b0f48bfc,943c1278-fb29-4b01-86ac-71df4dcaca49,
26,interacoes,dados/brutos/interacoes.json,358,"usuario 14, conteudo 787, 2026-02-05T00:12:00",DATA_ANTES_PUBLICACAO,media,data_hora 2026-02-05 00:12:00 anterior a publicacao do conteudo (2026-06-07),pendente,2026-09-29 00:38:28.857531+00:00,,,1cac1195-0ba2-4fd5-9cbd-5fd4b0f48bfc,943c1278-fb29-4b01-86ac-71df4dcaca49,
62,interacoes,dados/brutos/interacoes.json,373,"usuario 77, conteudo 745, 2026-01-28T10:20:45",DATA_ANTES_PUBLICACAO,media,data_hora 2026-01-28 10:20:45 anterior a publicacao do conteudo (2026-03-20),pendente,2026-09-29 00:38:28.857531+00:00,,,1cac1195-0ba2-4fd5-9cbd-5fd4b0f48bfc,943c1278-fb29-4b01-86ac-71df4dcaca49,
99,interacoes,dados/brutos/interacoes.json,381,"usuario 145, conteudo 343, 2026-01-19T16:28:03",DATA_ANTES_PUBLICACAO,media,data_hora 2026-01-19 16:28:03 anterior a publicacao do conteudo (2026-02-20),pendente,2026-09-29 00:38:28.857531+00:00,,,1cac1195-0ba2-4fd5-9cbd-5fd4b0f48bfc,943c1278-fb29-4b01-86ac-71df4dcaca49,
37,interacoes,dados/brutos/interacoes.json,386,"usuario 38, conteudo 612, 2026-05-13T12:42:39",DATA_ANTES_PUBLICACAO,media,data_hora 2026-05-13 12:42:39 anterior a publicacao do conteudo (2026-05-27),pendente,2026-09-29 00:38:28.857531+00:00,,,1cac1195-0ba2-4fd5-9cbd-5fd4b0f48bfc,943c1278-fb29-4b01-86ac-71df4dcaca49,
78,interacoes,dados/brutos/interacoes.json,389,"usuario 107, conteudo 19, 2026-02-27T13:27:48",DATA_ANTES_PUBLICACAO,media,data_hora 2026-02-27 13:27:48 anterior a publicacao do conteudo (2026-05-03),pendente,2026-09-29 00:38:28.857531+00:00,,,1cac1195-0ba2-4fd5-9cbd-5fd4b0f48bfc,943c1278-fb29-4b01-86ac-71df4dcaca49,
20,interacoes,dados/brutos/interacoes.json,392,"usuario 8, conteudo 19, 2026-03-21T18:50:06",DATA_ANTES_PUBLICACAO,media,data_hora 2026-03-21 18:50:06 anterior a publicacao do conteudo (2026-05-03),pendente,2026-09-29 00:38:28.857531+00:00,,,1cac1195-0ba2-4fd5-9cbd-5fd4b0f48bfc,943c1278-fb29-4b01-86ac-71df4dcaca49,
50,interacoes,dados/brutos/interacoes.json,400,"usuario 56, conteudo 857, 2026-03-22T15:22:44",DATA_ANTES_PUBLICACAO,media,data_hora 2026-03-22 15:22:44 anterior a publicacao do conteudo (2026-05-16),pendente,2026-09-29 00:38:28.857531+00:00,,,1cac1195-0ba2-4fd5-9cbd-5fd4b0f48bfc,943c1278-fb29-4b01-86ac-71df4dcaca49,
49,interacoes,dados/brutos/interacoes.json,410,"usuario 56, conteudo 833, 2026-05-23T20:01:20",DATA_ANTES_PUBLICACAO,media,data_hora 2026-05-23 20:01:20 anterior a publicacao do conteudo (2026-05-24),pendente,2026-09-29 00:38:28.857531+00:00,,,1cac1195-0ba2-4fd5-9cbd-5fd4b0f48bfc,943c1278-fb29-4b01-86ac-71df4dcaca49,
27,interacoes,dados/brutos/interacoes.json,423,"usuario 16, conteudo 857, 2026-04-23T14:09:03",DATA_ANTES_PUBLICACAO,media,data_hora 2026-04-23 14:09:03 anterior a publicacao do conteudo (2026-05-16),pendente,2026-09-29 00:38:28.857531+00:00,,,1cac1195-0ba2-4fd5-9cbd-5fd4b0f48bfc,943c1278-fb29-4b01-86ac-71df4dcaca49,
38,interacoes,dados/brutos/interacoes.json,427,"usuario 39, conteudo 612, 2026-03-26T13:32:19",DATA_ANTES_PUBLICACAO,media,data_hora 2026-03-26 13:32:19 anterior a publicacao do conteudo (2026-05-27),pendente,2026-09-29 00:38:28.857531+00:00,,,1cac1195-0ba2-4fd5-9cbd-5fd4b0f48bfc,943c1278-fb29-4b01-86ac-71df4dcaca49,
91,interacoes,dados/brutos/interacoes.json,436,"usuario 131, conteudo 318, 2026-01-26T19:16:57",DATA_ANTES_PUBLICACAO,media,data_hora 2026-01-26 19:16:57 anterior a publicacao do conteudo (2026-06-29),pendente,2026-09-29 00:38:28.857531+00:00,,,1cac1195-0ba2-4fd5-9cbd-5fd4b0f48bfc,943c1278-fb29-4b01-86ac-71df4dcaca49,
88,interacoes,dados/brutos/interacoes.json,438,"usuario 125, conteudo 229, 2026-01-03T17:31:49",DATA_ANTES_PUBLICACAO,media,data_hora 2026-01-03 17:31:49 anterior a publicacao do conteudo (2026-06-17),pendente,2026-09-29 00:38:28.857531+00:00,,,1cac1195-0ba2-4fd5-9cbd-5fd4b0f48bfc,943c1278-fb29-4b01-86ac-71df4dcaca49,
29,interacoes,dados/brutos/interacoes.json,444,"usuario 20, conteudo 61, 2026-01-22T20:46:15",DATA_ANTES_PUBLICACAO,media,data_hora 2026-01-22 20:46:15 anterior a publicacao do conteudo (2026-05-11),pendente,2026-09-29 00:38:28.857531+00:00,,,1cac1195-0ba2-4fd5-9cbd-5fd4b0f48bfc,943c1278-fb29-4b01-86ac-71df4dcaca49,
45,interacoes,dados/brutos/interacoes.json,479,"usuario 46, conteudo 166, 2026-05-14T22:47:29",DATA_ANTES_PUBLICACAO,media,data_hora 2026-05-14 22:47:29 anterior a publicacao do conteudo (2026-06-16),pendente,2026-09-29 00:38:28.857531+00:00,,,1cac1195-0ba2-4fd5-9cbd-5fd4b0f48bfc,943c1278-fb29-4b01-86ac-71df4dcaca49,
19,interacoes,dados/brutos/interacoes.json,488,"usuario 5, conteudo 571, 2026-02-21T17:33:43",DATA_ANTES_PUBLICACAO,media,data_hora 2026-02-21 17:33:43 anterior a publicacao do conteudo (2026-06-18),pendente,2026-09-29 00:38:28.857531+00:00,,,1cac1195-0ba2-4fd5-9cbd-5fd4b0f48bfc,943c1278-fb29-4b01-86ac-71df4dcaca49,
17,interacoes,dados/brutos/interacoes.json,513,"usuario 5, conteudo 72, 2026-03-21T15:00:04",DATA_ANTES_PUBLICACAO,media,data_hora 2026-03-21 15:00:04 anterior a publicacao do conteudo (2026-06-23),pendente,2026-09-29 00:38:28.857531+00:00,,,1cac1195-0ba2-4fd5-9cbd-5fd4b0f48bfc,943c1278-fb29-4b01-86ac-71df4dcaca49,
98,interacoes,dados/brutos/interacoes.json,529,"usuario 145, conteudo 229, 2026-04-21T03:12:36",DATA_ANTES_PUBLICACAO,media,data_hora 2026-04-21 03:12:36 anterior a publicacao do conteudo (2026-06-17),pendente,2026-09-29 00:38:28.857531+00:00,,,1cac1195-0ba2-4fd5-9cbd-5fd4b0f48bfc,943c1278-fb29-4b01-86ac-71df4dcaca49,
34,interacoes,dados/brutos/interacoes.json,601,"usuario 24, conteudo 164, 2026-02-17T12:02:47",DATA_ANTES_PUBLICACAO,media,data_hora 2026-02-17 12:02:47 anterior a publicacao do conteudo (2026-06-29),pendente,2026-09-29 00:38:28.857531+00:00,,,1cac1195-0ba2-4fd5-9cbd-5fd4b0f48bfc,943c1278-fb29-4b01-86ac-71df4dcaca49,
61,interacoes,dados/brutos/interacoes.json,605,"usuario 77, conteudo 124, 2026-01-19T05:49:09",DATA_ANTES_PUBLICACAO,media,data_hora 2026-01-19 05:49:09 anterior a publicacao do conteudo (2026-06-05),pendente,2026-09-29 00:38:28.857531+00:00,,,1cac1195-0ba2-4fd5-9cbd-5fd4b0f48bfc,943c1278-fb29-4b01-86ac-71df4dcaca49,
69,interacoes,dados/brutos/interacoes.json,617,"usuario 94, conteudo 5, 2026-03-01T16:44:32",DATA_ANTES_PUBLICACAO,media,data_hora 2026-03-01 16:44:32 anterior a publicacao do conteudo (2026-05-18),pendente,2026-09-29 00:38:28.857531+00:00,,,1cac1195-0ba2-4fd5-9cbd-5fd4b0f48bfc,943c1278-fb29-4b01-86ac-71df4dcaca49,
68,interacoes,dados/brutos/interacoes.json,624,"usuario 89, conteudo 872, 2026-03-01T22:28:10",DATA_ANTES_PUBLICACAO,media,data_hora 2026-03-01 22:28:10 anterior a publicacao do conteudo (2026-05-23),pendente,2026-09-29 00:38:28.857531+00:00,,,1cac1195-0ba2-4fd5-9cbd-5fd4b0f48bfc,943c1278-fb29-4b01-86ac-71df4dcaca49,
35,interacoes,dados/brutos/interacoes.json,629,"usuario 30, conteudo 273, 2026-01-25T00:54:05",DATA_ANTES_PUBLICACAO,media,data_hora 2026-01-25 00:54:05 anterior a publicacao do conteudo (2026-04-08),pendente,2026-09-29 00:38:28.857531+00:00,,,1cac1195-0ba2-4fd5-9cbd-5fd4b0f48bfc,943c1278-fb29-4b01-86ac-71df4dcaca49,
77,interacoes,dados/brutos/interacoes.json,634,"usuario 106, conteudo 489, 2026-06-10T06:25:22",DATA_ANTES_PUBLICACAO,media,data_hora 2026-06-10 06:25:22 anterior a publicacao do conteudo (2026-06-27),pendente,2026-09-29 00:38:28.857531+00:00,,,1cac1195-0ba2-4fd5-9cbd-5fd4b0f48bfc,943c1278-fb29-4b01-86ac-71df4dcaca49,
63,interacoes,dados/brutos/interacoes.json,644,"usuario 79, conteudo 491, 2026-03-10T20:15:53",DATA_ANTES_PUBLICACAO,media,data_hora 2026-03-10 20:15:53 anterior a publicacao do conteudo (2026-05-30),pendente,2026-09-29 00:38:28.857531+00:00,,,1cac1195-0ba2-4fd5-9cbd-5fd4b0f48bfc,943c1278-fb29-4b01-86ac-71df4dcaca49,
47,interacoes,dados/brutos/interacoes.json,658,"usuario 47, conteudo 106, 2026-02-18T02:43:30",DATA_ANTES_PUBLICACAO,media,data_hora 2026-02-18 02:43:30 anterior a publicacao do conteudo (2026-05-11),pendente,2026-09-29 00:38:28.857531+00:00,,,1cac1195-0ba2-4fd5-9cbd-5fd4b0f48bfc,943c1278-fb29-4b01-86ac-71df4dcaca49,
93,interacoes,dados/brutos/interacoes.json,675,"usuario 134, conteudo 166, 2026-02-21T13:17:45",DATA_ANTES_PUBLICACAO,media,data_hora 2026-02-21 13:17:45 anterior a publicacao do conteudo (2026-06-16),pendente,2026-09-29 00:38:28.857531+00:00,,,1cac1195-0ba2-4fd5-9cbd-5fd4b0f48bfc,943c1278-fb29-4b01-86ac-71df4dcaca49,
32,interacoes,dados/brutos/interacoes.json,677,"usuario 22, conteudo 178, 2026-02-13T05:18:10",DATA_ANTES_PUBLICACAO,media,data_hora 2026-02-13 05:18:10 anterior a publicacao do conteudo (2026-05-11),pendente,2026-09-29 00:38:28.857531+00:00,,,1cac1195-0ba2-4fd5-9cbd-5fd4b0f48bfc,943c1278-fb29-4b01-86ac-71df4dcaca49,
23,interacoes,dados/brutos/interacoes.json,730,"usuario 12, conteudo 330, 2026-04-01T22:41:32",DATA_ANTES_PUBLICACAO,media,data_hora 2026-04-01 22:41:32 anterior a publicacao do conteudo (2026-06-26),pendente,2026-09-29 00:38:28.857531+00:00,,,1cac1195-0ba2-4fd5-9cbd-5fd4b0f48bfc,943c1278-fb29-4b01-86ac-71df4dcaca49,
22,interacoes,dados/brutos/interacoes.json,733,"usuario 12, conteudo 19, 2026-03-30T19:36:01",DATA_ANTES_PUBLICACAO,media,data_hora 2026-03-30 19:36:01 anterior a publicacao do conteudo (2026-05-03),pendente,2026-09-29 00:38:28.857531+00:00,,,1cac1195-0ba2-4fd5-9cbd-5fd4b0f48bfc,943c1278-fb29-4b01-86ac-71df4dcaca49,
95,interacoes,dados/brutos/interacoes.json,764,"usuario 136, conteudo 919, 2026-01-27T12:00:35",DATA_ANTES_PUBLICACAO,media,data_hora 2026-01-27 12:00:35 anterior a publicacao do conteudo (2026-06-10),pendente,2026-09-29 00:38:28.857531+00:00,,,1cac1195-0ba2-4fd5-9cbd-5fd4b0f48bfc,943c1278-fb29-4b01-86ac-71df4dcaca49,
18,interacoes,dados/brutos/interacoes.json,772,"usuario 5, conteudo 179, 2026-01-25T16:02:13",DATA_ANTES_PUBLICACAO,media,data_hora 2026-01-25 16:02:13 anterior a publicacao do conteudo (2026-05-03),pendente,2026-09-29 00:38:28.857531+00:00,,,1cac1195-0ba2-4fd5-9cbd-5fd4b0f48bfc,943c1278-fb29-4b01-86ac-71df4dcaca49,
21,interacoes,dados/brutos/interacoes.json,784,"usuario 11, conteudo 829, 2026-05-27T23:39:21",DATA_ANTES_PUBLICACAO,media,data_hora 2026-05-27 23:39:21 anterior a publicacao do conteudo (2026-06-13),pendente,2026-09-29 00:38:28.857531+00:00,,,1cac1195-0ba2-4fd5-9cbd-5fd4b0f48bfc,943c1278-fb29-4b01-86ac-71df4dcaca49,
94,interacoes,dados/brutos/interacoes.json,842,"usuario 135, conteudo 66, 2026-04-08T08:13:28",DATA_ANTES_PUBLICACAO,media,data_hora 2026-04-08 08:13:28 anterior a publicacao do conteudo (2026-05-21),pendente,2026-09-29 00:38:28.857531+00:00,,,1cac1195-0ba2-4fd5-9cbd-5fd4b0f48bfc,943c1278-fb29-4b01-86ac-71df4dcaca49,
30,interacoes,dados/brutos/interacoes.json,851,"usuario 21, conteudo 829, 2026-02-17T19:43:30",DATA_ANTES_PUBLICACAO,media,data_hora 2026-02-17 19:43:30 anterior a publicacao do conteudo (2026-06-13),pendente,2026-09-29 00:38:28.857531+00:00,,,1cac1195-0ba2-4fd5-9cbd-5fd4b0f48bfc,943c1278-fb29-4b01-86ac-71df4dcaca49,
57,interacoes,dados/brutos/interacoes.json,856,"usuario 68, conteudo 173, 2026-01-14T05:59:32",DATA_ANTES_PUBLICACAO,media,data_hora 2026-01-14 05:59:32 anterior a publicacao do conteudo (2026-01-27),pendente,2026-09-29 00:38:28.857531+00:00,,,1cac1195-0ba2-4fd5-9cbd-5fd4b0f48bfc,943c1278-fb29-4b01-86ac-71df4dcaca49,
40,interacoes,dados/brutos/interacoes.json,874,"usuario 40, conteudo 806, 2026-02-09T17:13:58",DATA_ANTES_PUBLICACAO,media,data_hora 2026-02-09 17:13:58 anterior a publicacao do conteudo (2026-02-10),pendente,2026-09-29 00:38:28.857531+00:00,,,1cac1195-0ba2-4fd5-9cbd-5fd4b0f48bfc,943c1278-fb29-4b01-86ac-71df4dcaca49,
53,interacoes,dados/brutos/interacoes.json,899,"usuario 59, conteudo 121, 2026-01-13T17:12:32",DATA_ANTES_PUBLICACAO,media,data_hora 2026-01-13 17:12:32 anterior a publicacao do conteudo (2026-04-17),pendente,2026-09-29 00:38:28.857531+00:00,,,1cac1195-0ba2-4fd5-9cbd-5fd4b0f48bfc,943c1278-fb29-4b01-86ac-71df4dcaca49,
79,interacoes,dados/brutos/interacoes.json,902,"usuario 109, conteudo 318, 2026-04-25T01:54:29",DATA_ANTES_PUBLICACAO,media,data_hora 2026-04-25 01:54:29 anterior a publicacao do conteudo (2026-06-29),pendente,2026-09-29 00:38:28.857531+00:00,,,1cac1195-0ba2-4fd5-9cbd-5fd4b0f48bfc,943c1278-fb29-4b01-86ac-71df4dcaca49,
55,interacoes,dados/brutos/interacoes.json,919,"usuario 62, conteudo 612, 2026-02-06T15:46:47",DATA_ANTES_PUBLICACAO,media,data_hora 2026-02-06 15:46:47 anterior a publicacao do conteudo (2026-05-27),pendente,2026-09-29 00:38:28.857531+00:00,,,1cac1195-0ba2-4fd5-9cbd-5fd4b0f48bfc,943c1278-fb29-4b01-86ac-71df4dcaca49,
59,interacoes,dados/brutos/interacoes.json,927,"usuario 74, conteudo 722, 2026-05-06T02:00:53",DATA_ANTES_PUBLICACAO,media,data_hora 2026-05-06 02:00:53 anterior a publicacao do conteudo (2026-05-28),pendente,2026-09-29 00:38:28.857531+00:00,,,1cac1195-0ba2-4fd5-9cbd-5fd4b0f48bfc,943c1278-fb29-4b01-86ac-71df4dcaca49,
48,interacoes,dados/brutos/interacoes.json,928,"usuario 49, conteudo 72, 2026-06-22T18:08:14",DATA_ANTES_PUBLICACAO,media,data_hora 2026-06-22 18:08:14 anterior a publicacao do conteudo (2026-06-23),pendente,2026-09-29 00:38:28.857531+00:00,,,1cac1195-0ba2-4fd5-9cbd-5fd4b0f48bfc,943c1278-fb29-4b01-86ac-71df4dcaca49,
74,interacoes,dados/brutos/interacoes.json,929,"usuario 99, conteudo 465, 2026-03-23T03:53:51",DATA_ANTES_PUBLICACAO,media,data_hora 2026-03-23 03:53:51 anterior a publicacao do conteudo (2026-06-17),pendente,2026-09-29 00:38:28.857531+00:00,,,1cac1195-0ba2-4fd5-9cbd-5fd4b0f48bfc,943c1278-fb29-4b01-86ac-71df4dcaca49,
16,interacoes,dados/brutos/interacoes.json,940,"usuario 3, conteudo 229, 2026-04-11T17:41:26",DATA_ANTES_PUBLICACAO,media,data_hora 2026-04-11 17:41:26 anterior a publicacao do conteudo (2026-06-17),pendente,2026-09-29 00:38:28.857531+00:00,,,1cac1195-0ba2-4fd5-9cbd-5fd4b0f48bfc,943c1278-fb29-4b01-86ac-71df4dcaca49,
33,interacoes,dados/brutos/interacoes.json,960,"usuario 22, conteudo 282, 2026-01-23T13:04:05",DATA_ANTES_PUBLICACAO,media,data_hora 2026-01-23 13:04:05 anterior a publicacao do conteudo (2026-04-14),pendente,2026-09-29 00:38:28.857531+00:00,,,1cac1195-0ba2-4fd5-9cbd-5fd4b0f48bfc,943c1278-fb29-4b01-86ac-71df4dcaca49,
101,interacoes,dados/brutos/interacoes.json,962,"usuario 148, conteudo 680, 2026-02-20T14:01:28",DATA_ANTES_PUBLICACAO,media,data_hora 2026-02-20 14:01:28 anterior a publicacao do conteudo (2026-02-26),pendente,2026-09-29 00:38:28.857531+00:00,,,1cac1195-0ba2-4fd5-9cbd-5fd4b0f48bfc,943c1278-fb29-4b01-86ac-71df4dcaca49,
75,interacoes,dados/brutos/interacoes.json,964,"usuario 103, conteudo 929, 2026-05-26T16:47:53",DATA_ANTES_PUBLICACAO,media,data_hora 2026-05-26 16:47:53 anterior a publicacao do conteudo (2026-06-30),pendente,2026-09-29 00:38:28.857531+00:00,,,1cac1195-0ba2-4fd5-9cbd-5fd4b0f48bfc,943c1278-fb29-4b01-86ac-71df4dcaca49,
81,interacoes,dados/brutos/interacoes.json,970,"usuario 109, conteudo 496, 2026-01-05T05:55:38",DATA_ANTES_PUBLICACAO,media,data_hora 2026-01-05 05:55:38 anterior a publicacao do conteudo (2026-02-26),pendente,2026-09-29 00:38:28.857531+00:00,,,1cac1195-0ba2-4fd5-9cbd-5fd4b0f48bfc,943c1278-fb29-4b01-86ac-71df4dcaca49,
39,interacoes,dados/brutos/interacoes.json,976,"usuario 40, conteudo 722, 2026-04-29T16:59:02",DATA_ANTES_PUBLICACAO,media,data_hora 2026-04-29 16:59:02 anterior a publicacao do conteudo (2026-05-28),pendente,2026-09-29 00:38:28.857531+00:00,,,1cac1195-0ba2-4fd5-9cbd-5fd4b0f48bfc,943c1278-fb29-4b01-86ac-71df4dcaca49,
14,interacoes,dados/brutos/interacoes.json,977,"usuario 1, conteudo 179, 2026-03-15T11:56:38",DATA_ANTES_PUBLICACAO,media,data_hora 2026-03-15 11:56:38 anterior a publicacao do conteudo (2026-05-03),pendente,2026-09-29 00:38:28.857531+00:00,,,1cac1195-0ba2-4fd5-9cbd-5fd4b0f48bfc,943c1278-fb29-4b01-86ac-71df4dcaca49,
87,interacoes,dados/brutos/interacoes.json,985,"usuario 123, conteudo 852, 2026-02-11T13:09:19",DATA_ANTES_PUBLICACAO,media,data_hora 2026-02-11 13:09:19 anterior a publicacao do conteudo (2026-05-24),pendente,2026-09-29 00:38:28.857531+00:00,,,1cac1195-0ba2-4fd5-9cbd-5fd4b0f48bfc,943c1278-fb29-4b01-86ac-71df4dcaca49,
52,interacoes,dados/brutos/interacoes.json,999,"usuario 58, conteudo 578, 2026-02-03T05:05:51",DATA_ANTES_PUBLICACAO,media,data_hora 2026-02-03 05:05:51 anterior a publicacao do conteudo (2026-03-18),pendente,2026-09-29 00:38:28.857531+00:00,,,1cac1195-0ba2-4fd5-9cbd-5fd4b0f48bfc,943c1278-fb29-4b01-86ac-71df4dcaca49,
102,interacoes,dados/brutos/lote_2/interacoes.json,401,"usuario 999, conteudo 665, 2026-09-23T07:35:57",REF_USUARIO,alta,usuario 999 nao existe entre os usuarios aprovados,pendente,2026-09-29 00:38:28.857531+00:00,,,1cac1195-0ba2-4fd5-9cbd-5fd4b0f48bfc,943c1278-fb29-4b01-86ac-71df4dcaca49,
83,interacoes,dados/brutos/lote_2/interacoes.json,402,"usuario 113, conteudo 5000, 2026-09-07T03:23:54",REF_CONTEUDO,alta,conteudo 5000 nao existe entre os conteudos aprovados,pendente,2026-09-29 00:38:28.857531+00:00,,,1cac1195-0ba2-4fd5-9cbd-5fd4b0f48bfc,943c1278-fb29-4b01-86ac-71df4dcaca49,
41,interacoes,dados/brutos/lote_2/interacoes.json,403,"usuario 41, conteudo 368, 2026-09-03T10:44:10",VALOR_NEGATIVO,media,tempo_consumido -15 negativo,pendente,2026-09-29 00:38:28.857531+00:00,,,1cac1195-0ba2-4fd5-9cbd-5fd4b0f48bfc,943c1278-fb29-4b01-86ac-71df4dcaca49,
25,interacoes,dados/brutos/lote_2/interacoes.json,404,"usuario 14, conteudo 743, 2026-09-05T02:52:52",FAIXA,media,percentual_conclusao 150.0 fora de 0-100,pendente,2026-09-29 00:38:28.857531+00:00,,,1cac1195-0ba2-4fd5-9cbd-5fd4b0f48bfc,943c1278-fb29-4b01-86ac-71df4dcaca49,
28,interacoes,dados/brutos/lote_2/interacoes.json,405,"usuario 17, conteudo 284, 2026-09-24T04:30:49",DOMINIO,media,tipo_interacao 'download' fora dos seis tipos,pendente,2026-09-29 00:38:28.857531+00:00,,,1cac1195-0ba2-4fd5-9cbd-5fd4b0f48bfc,943c1278-fb29-4b01-86ac-71df4dcaca49,
54,interacoes,dados/brutos/lote_2/interacoes.json,406,"usuario 61, conteudo 735, 2026-13-01T10:00:00",DATA_INVALIDA,alta,data_hora '2026-13-01T10:00:00' nao e data e hora ISO valida,pendente,2026-09-29 00:38:28.857531+00:00,,,1cac1195-0ba2-4fd5-9cbd-5fd4b0f48bfc,943c1278-fb29-4b01-86ac-71df4dcaca49,
96,interacoes,dados/brutos/lote_2/interacoes.json,407,"usuario 136, conteudo , 2026-09-01T22:39:21",CAMPO_OBRIGATORIO,alta,campos ausentes: conteudo_id,pendente,2026-09-29 00:38:28.857531+00:00,,,1cac1195-0ba2-4fd5-9cbd-5fd4b0f48bfc,943c1278-fb29-4b01-86ac-71df4dcaca49,
103,interacoes,dados/brutos/lote_2/interacoes.json,408,"usuario 3, conteudo 560, 2026-08-30T18:19:14",DUPLICADO,baixa,copia identica da linha 1 de dados/brutos/lote_2/interacoes.json,descartado,2026-09-29 00:38:28.857531+00:00,,,1cac1195-0ba2-4fd5-9cbd-5fd4b0f48bfc,1cac1195-0ba2-4fd5-9cbd-5fd4b0f48bfc,
67,interacoes,dados/brutos/lote_2/interacoes.json,409,"usuario 88, conteudo 453, 2026-09-10T08:21:53",FAIXA,media,avaliacao_atribuida 0 fora de 1-5,pendente,2026-09-29 00:38:28.857531+00:00,,,1cac1195-0ba2-4fd5-9cbd-5fd4b0f48bfc,943c1278-fb29-4b01-86ac-71df4dcaca49,
80,interacoes,dados/brutos/lote_2/interacoes.json,410,"usuario 109, conteudo 373, 2027-01-10T09:00:00",DATA_FUTURA,media,data_hora 2027-01-10 09:00:00 no futuro,pendente,2026-09-29 00:38:28.857531+00:00,,,1cac1195-0ba2-4fd5-9cbd-5fd4b0f48bfc,943c1278-fb29-4b01-86ac-71df4dcaca49,
85,interacoes,dados/brutos/lote_2/interacoes.json,411,"usuario 115, conteudo 908, 2026-09-08T11:14:59",CONSISTENCIA,media,conclusao com percentual_conclusao 80.0,pendente,2026-09-29 00:38:28.857531+00:00,,,1cac1195-0ba2-4fd5-9cbd-5fd4b0f48bfc,943c1278-fb29-4b01-86ac-71df4dcaca49,
24,interacoes,dados/brutos/lote_2/interacoes.json,413,"usuario 13, conteudo 1041, 2026-09-15T20:00:00",REF_CONTEUDO,alta,conteudo 1041 nao existe entre os conteudos aprovados,reprocessado,2026-09-29 00:38:28.857531+00:00,,2026-09-29 00:39:03.321064+00:00,1cac1195-0ba2-4fd5-9cbd-5fd4b0f48bfc,1cac1195-0ba2-4fd5-9cbd-5fd4b0f48bfc,fc6374ce-5b9b-45b6-bf6a-f5dbed4d3530
51,interacoes,dados/brutos/lote_2/interacoes.json,414,"usuario 57, conteudo 72, 2026-01-05T08:00:00",DATA_ANTES_PUBLICACAO,media,data_hora 2026-01-05 08:00:00 anterior a publicacao do conteudo (2026-06-23),pendente,2026-09-29 00:38:28.857531+00:00,,,1cac1195-0ba2-4fd5-9cbd-5fd4b0f48bfc,943c1278-fb29-4b01-86ac-71df4dcaca49,
9,usuarios,dados/brutos/lote_2/usuarios.csv,23,173,FORMATO,media,e-mail fora do formato nome@dominio,pendente,2026-09-29 00:38:28.857531+00:00,,,1cac1195-0ba2-4fd5-9cbd-5fd4b0f48bfc,943c1278-fb29-4b01-86ac-71df4dcaca49,
10,usuarios,dados/brutos/lote_2/usuarios.csv,24,174,FORMATO,media,CPF fora do formato 000.000.000-00,pendente,2026-09-29 00:38:28.857531+00:00,,,1cac1195-0ba2-4fd5-9cbd-5fd4b0f48bfc,943c1278-fb29-4b01-86ac-71df4dcaca49,
11,usuarios,dados/brutos/lote_2/usuarios.csv,25,175,DATA_FUTURA,media,data_nascimento no futuro,pendente,2026-09-29 00:38:28.857531+00:00,,,1cac1195-0ba2-4fd5-9cbd-5fd4b0f48bfc,943c1278-fb29-4b01-86ac-71df4dcaca49,
12,usuarios,dados/brutos/lote_2/usuarios.csv,26,176,CAMPO_OBRIGATORIO,alta,campos ausentes: nome,pendente,2026-09-29 00:38:28.857531+00:00,,,1cac1195-0ba2-4fd5-9cbd-5fd4b0f48bfc,943c1278-fb29-4b01-86ac-71df4dcaca49,
8,usuarios,dados/brutos/lote_2/usuarios.csv,27,155,DUPLICADO,baixa,copia identica da linha 5,descartado,2026-09-29 00:38:28.857531+00:00,,,1cac1195-0ba2-4fd5-9cbd-5fd4b0f48bfc,1cac1195-0ba2-4fd5-9cbd-5fd4b0f48bfc,
13,usuarios,dados/brutos/lote_2/usuarios.csv,30,178,DOMINIO,media,uf 'XX' nao e uma unidade da federacao,pendente,2026-09-29 00:38:28.857531+00:00,,,1cac1195-0ba2-4fd5-9cbd-5fd4b0f48bfc,943c1278-fb29-4b01-86ac-71df4dcaca49,
