conteudo_id,titulo,tipo,categoria,nivel,carga_horaria_min,data_publicacao,descricao,autor
1001,Análise Prática e Demonstração de Otimização de Consultas SQL com EXPLAIN ANALYZE,Vídeo,Banco de Dados,Avançado,70,2026-08-21,"Vídeo prático e objetivo apresentando a aplicação de Otimização de Consultas SQL com EXPLAIN ANALYZE. Em formato hands-on com nível avançado, o conteúdo demonstra resolução de problemas reais, passo a passo detalhado e dicas essenciais de implementação para acelerar seu domínio em Banco de Dados.",Profa. Carla Antunes Silveira
1002,Como Obter Alta Performance Utilizando Arquitetura Limpa e Princípios SOLID,Artigo,Programação & Software,Avançado,14,2026-07-18,"Artigo técnico detalhado que explora Arquitetura Limpa e Princípios SOLID sob uma ótica técnica e conceitual. Focado em nível avançado, aborda trade-offs arquiteturais, vantagens competitivas, padrões recomendados e diretrizes fundamentais para especialistas que atuam em Programação & Software.",Prof. Elmo Batista de Faria
1003,Como Implementar Machine Learning Supervisionado com Scikit-Learn Passo a Passo,Vídeo,Ciência de Dados,Avançado,90,2026-07-14,"Vídeo prático e objetivo apresentando a aplicação de Machine Learning Supervisionado com Scikit-Learn. Em formato hands-on com nível avançado, o conteúdo demonstra resolução de problemas reais, passo a passo detalhado e dicas essenciais de implementação para acelerar seu domínio em Ciência de Dados.",Dr. Fernando Zanin Pacheco
1004,Análise Comparativa e Padrões Recomendados em Consultas e Índices GIN com JSONB no PostgreSQL,Artigo,Banco de Dados,Avançado,22,2026-07-10,"Artigo técnico detalhado que explora Consultas e Índices GIN com JSONB no PostgreSQL sob uma ótica técnica e conceitual. Focado em nível avançado, aborda trade-offs arquiteturais, vantagens competitivas, padrões recomendados e diretrizes fundamentais para especialistas que atuam em Banco de Dados.",Dra. Camila Guimarães Rocha
1005,Data Insights Ep. 76: Experiências Reais com Práticas de DataOps e Qualidade de Dados,Podcast,Engenharia de Dados,Básico,37,2026-08-13,"Episódio enriquecedor com debates aprofundados sobre Práticas de DataOps e Qualidade de Dados. Nesta gravação para o público de nível básico, especialistas compartilham experiências práticas, desafios reais do mercado e reflexões sobre impactos estratégicos e técnicos em Engenharia de Dados.",Prof. Gabriel Santana Ribeiro
1006,Masterclass de Busca Vetorial com pgvector e Índices HNSW para Projetos Reais,Curso,Banco de Dados,Avançado,2157,2026-08-15,"Neste curso aprofundado, você aprenderá de forma estruturada sobre Busca Vetorial com pgvector e Índices HNSW. O treinamento abrange tópicos de nível avançado, exercícios práticos e construção de projetos completos. Indicado para profissionais que desejam dominar ferramentas modernas e padrões consolidados em Banco de Dados.",Eng. Patrícia Moreira Viana
1007,Solucionando Desafios do Dia a Dia em Escalabilidade e Gestão de Custos em Cloud,Vídeo,DevOps & Cloud,Avançado,124,2026-07-20,"Vídeo prático e objetivo apresentando a aplicação de Escalabilidade e Gestão de Custos em Cloud. Em formato hands-on com nível avançado, o conteúdo demonstra resolução de problemas reais, passo a passo detalhado e dicas essenciais de implementação para acelerar seu domínio em DevOps & Cloud.",Eng. Thiago Pinheiro Borges
1008,Solucionando Desafios do Dia a Dia em Refatoração de Código e Padrões PEP 8,Vídeo,Programação & Software,Intermediário,75,2026-08-16,"Vídeo prático e objetivo apresentando a aplicação de Refatoração de Código e Padrões PEP 8. Em formato hands-on com nível intermediário, o conteúdo demonstra resolução de problemas reais, passo a passo detalhado e dicas essenciais de implementação para acelerar seu domínio em Programação & Software.",Eng. Rodrigo Alves Mendonça
1009,Formação Prática em Consultas e Índices GIN com JSONB no PostgreSQL: Fundamentos e Aplicação,Curso,Banco de Dados,Básico,622,2026-07-12,"Neste curso aprofundado, você aprenderá de forma estruturada sobre Consultas e Índices GIN com JSONB no PostgreSQL. O treinamento abrange tópicos de nível básico, exercícios práticos e construção de projetos completos. Indicado para profissionais que desejam dominar ferramentas modernas e padrões consolidados em Banco de Dados.",Eng. Patrícia Moreira Viana
1010,Princípios Essenciais e Arquitetura de Auditoria e Monitoramento de Logs de Acesso,Artigo,Segurança & Governança,Básico,16,2026-08-14,"Artigo técnico detalhado que explora Auditoria e Monitoramento de Logs de Acesso sob uma ótica técnica e conceitual. Focado em nível básico, aborda trade-offs arquiteturais, vantagens competitivas, padrões recomendados e diretrizes fundamentais para especialistas que atuam em Segurança & Governança.",Prof. Diego Henrique Barros
1011,Tech Talk Ep. 133: Melhores Práticas em Monitoramento de Performance e Acompanhamento de Metas,Podcast,Business Intelligence,Intermediário,85,2026-07-25,"Episódio enriquecedor com debates aprofundados sobre Monitoramento de Performance e Acompanhamento de Metas. Nesta gravação para o público de nível intermediário, especialistas compartilham experiências práticas, desafios reais do mercado e reflexões sobre impactos estratégicos e técnicos em Business Intelligence.",Prof. Elmo Batista de Faria
1012,Masterclass de Modelagem Dimensional Star Schema e Snowflake para Projetos Reais,Curso,Engenharia de Dados,Básico,542,2026-07-21,"Neste curso aprofundado, você aprenderá de forma estruturada sobre Modelagem Dimensional Star Schema e Snowflake. O treinamento abrange tópicos de nível básico, exercícios práticos e construção de projetos completos. Indicado para profissionais que desejam dominar ferramentas modernas e padrões consolidados em Engenharia de Dados.",Profa. Carla Antunes Silveira
1013,Estudo Técnico e Decisões de Arquitetura em Replicação e Tolerância a Falhas no PostgreSQL,Artigo,Banco de Dados,Avançado,15,2026-07-04,"Artigo técnico detalhado que explora Replicação e Tolerância a Falhas no PostgreSQL sob uma ótica técnica e conceitual. Focado em nível avançado, aborda trade-offs arquiteturais, vantagens competitivas, padrões recomendados e diretrizes fundamentais para especialistas que atuam em Banco de Dados.",Dra. Juliana Martins Fontes
1014,Masterclass de Busca Vetorial com pgvector e Índices HNSW para Projetos Reais,Curso,Banco de Dados,Avançado,1420,2026-08-30,"Neste curso aprofundado, você aprenderá de forma estruturada sobre Busca Vetorial com pgvector e Índices HNSW. O treinamento abrange tópicos de nível avançado, exercícios práticos e construção de projetos completos. Indicado para profissionais que desejam dominar ferramentas modernas e padrões consolidados em Banco de Dados.",Eng. Patrícia Moreira Viana
1015,Estudo Técnico e Decisões de Arquitetura em Linhagem de Dados e Rastreabilidade de Origem,Artigo,Segurança & Governança,Intermediário,21,2026-07-29,"Artigo técnico detalhado que explora Linhagem de Dados e Rastreabilidade de Origem sob uma ótica técnica e conceitual. Focado em nível intermediário, aborda trade-offs arquiteturais, vantagens competitivas, padrões recomendados e diretrizes fundamentais para especialistas que atuam em Segurança & Governança.",Dra. Renata Figueiredo Melo
1016,Guia Definitivo e Boas Práticas sobre Transações ACID e Controle de Concorrência,Artigo,Banco de Dados,Básico,5,2026-08-13,"Artigo técnico detalhado que explora Transações ACID e Controle de Concorrência sob uma ótica técnica e conceitual. Focado em nível básico, aborda trade-offs arquiteturais, vantagens competitivas, padrões recomendados e diretrizes fundamentais para especialistas que atuam em Banco de Dados.",Prof. Gabriel Santana Ribeiro
1017,Solucionando Desafios do Dia a Dia em Auditoria e Monitoramento de Logs de Acesso,Vídeo,Segurança & Governança,Avançado,33,2026-08-19,"Vídeo prático e objetivo apresentando a aplicação de Auditoria e Monitoramento de Logs de Acesso. Em formato hands-on com nível avançado, o conteúdo demonstra resolução de problemas reais, passo a passo detalhado e dicas essenciais de implementação para acelerar seu domínio em Segurança & Governança.",Eng. Rodrigo Alves Mendonça
1018,Análise Prática e Demonstração de Visualizações com Big Numbers e Gráficos Eficazes,Vídeo,Business Intelligence,Intermediário,67,2026-08-18,"Vídeo prático e objetivo apresentando a aplicação de Visualizações com Big Numbers e Gráficos Eficazes. Em formato hands-on com nível intermediário, o conteúdo demonstra resolução de problemas reais, passo a passo detalhado e dicas essenciais de implementação para acelerar seu domínio em Business Intelligence.",Profa. Beatriz Helena Nogueira
1019,Como Implementar Governança e Ética em Sistemas de IA Passo a Passo,Vídeo,Inteligência Artificial,Intermediário,30,2026-08-19,"Vídeo prático e objetivo apresentando a aplicação de Governança e Ética em Sistemas de IA. Em formato hands-on com nível intermediário, o conteúdo demonstra resolução de problemas reais, passo a passo detalhado e dicas essenciais de implementação para acelerar seu domínio em Inteligência Artificial.",Eng. Patrícia Moreira Viana
1020,Deep Dive Ep. 148: Casos de Sucesso em Prevenção contra Vazamentos e Segurança em APIs,Podcast,Segurança & Governança,Intermediário,80,2026-08-27,"Episódio enriquecedor com debates aprofundados sobre Prevenção contra Vazamentos e Segurança em APIs. Nesta gravação para o público de nível intermediário, especialistas compartilham experiências práticas, desafios reais do mercado e reflexões sobre impactos estratégicos e técnicos em Segurança & Governança.",Prof. Lucas Fernandes Prado
1021,Arquitetura & Código Ep. 93: Inovações em Replicação e Tolerância a Falhas no PostgreSQL,Podcast,Banco de Dados,Intermediário,69,2026-09-04,"Episódio enriquecedor com debates aprofundados sobre Replicação e Tolerância a Falhas no PostgreSQL. Nesta gravação para o público de nível intermediário, especialistas compartilham experiências práticas, desafios reais do mercado e reflexões sobre impactos estratégicos e técnicos em Banco de Dados.",Dra. Camila Guimarães Rocha
1022,Masterclass de Refatoração de Código e Padrões PEP 8 para Projetos Reais,Curso,Programação & Software,Avançado,1745,2026-09-03,"Neste curso aprofundado, você aprenderá de forma estruturada sobre Refatoração de Código e Padrões PEP 8. O treinamento abrange tópicos de nível avançado, exercícios práticos e construção de projetos completos. Indicado para profissionais que desejam dominar ferramentas modernas e padrões consolidados em Programação & Software.",Dra. Camila Guimarães Rocha
1023,Princípios Essenciais e Arquitetura de Orquestração de Microsserviços com Kubernetes,Artigo,DevOps & Cloud,Avançado,27,2026-07-16,"Artigo técnico detalhado que explora Orquestração de Microsserviços com Kubernetes sob uma ótica técnica e conceitual. Focado em nível avançado, aborda trade-offs arquiteturais, vantagens competitivas, padrões recomendados e diretrizes fundamentais para especialistas que atuam em DevOps & Cloud.",Eng. Felipe Siqueira Castro
1024,Guia Definitivo e Boas Práticas sobre Otimização de Consultas SQL com EXPLAIN ANALYZE,Artigo,Banco de Dados,Avançado,16,2026-08-25,"Artigo técnico detalhado que explora Otimização de Consultas SQL com EXPLAIN ANALYZE sob uma ótica técnica e conceitual. Focado em nível avançado, aborda trade-offs arquiteturais, vantagens competitivas, padrões recomendados e diretrizes fundamentais para especialistas que atuam em Banco de Dados.",Prof. Elmo Batista de Faria
1025,Papo de Dados Ep. 39: Desvendando Adequação à LGPD e Proteção de Dados Pessoais,Podcast,Segurança & Governança,Avançado,100,2026-08-07,"Episódio enriquecedor com debates aprofundados sobre Adequação à LGPD e Proteção de Dados Pessoais. Nesta gravação para o público de nível avançado, especialistas compartilham experiências práticas, desafios reais do mercado e reflexões sobre impactos estratégicos e técnicos em Segurança & Governança.",Prof. Elmo Batista de Faria
1026,Solucionando Desafios do Dia a Dia em Fundamentos de Deep Learning com PyTorch,Vídeo,Inteligência Artificial,Básico,15,2026-08-19,"Vídeo prático e objetivo apresentando a aplicação de Fundamentos de Deep Learning com PyTorch. Em formato hands-on com nível básico, o conteúdo demonstra resolução de problemas reais, passo a passo detalhado e dicas essenciais de implementação para acelerar seu domínio em Inteligência Artificial.",Prof. Lucas Fernandes Prado
1027,Construindo Aplicações Robustas com Testes Automatizados e TDD com Pytest,Curso,Programação & Software,Intermediário,1026,2026-08-23,"Neste curso aprofundado, você aprenderá de forma estruturada sobre Testes Automatizados e TDD com Pytest. O treinamento abrange tópicos de nível intermediário, exercícios práticos e construção de projetos completos. Indicado para profissionais que desejam dominar ferramentas modernas e padrões consolidados em Programação & Software.",Dra. Renata Figueiredo Melo
1028,Curso Completo de Experimentação e Testes A/B Orientados a Dados: Da Teoria à Prática,Curso,Ciência de Dados,Básico,498,2026-07-06,"Neste curso aprofundado, você aprenderá de forma estruturada sobre Experimentação e Testes A/B Orientados a Dados. O treinamento abrange tópicos de nível básico, exercícios práticos e construção de projetos completos. Indicado para profissionais que desejam dominar ferramentas modernas e padrões consolidados em Ciência de Dados.",Eng. Patrícia Moreira Viana
1029,Deep Dive Ep. 57: Casos de Sucesso em Orquestração de Workflows com Apache Airflow,Podcast,Engenharia de Dados,Básico,45,2026-09-09,"Episódio enriquecedor com debates aprofundados sobre Orquestração de Workflows com Apache Airflow. Nesta gravação para o público de nível básico, especialistas compartilham experiências práticas, desafios reais do mercado e reflexões sobre impactos estratégicos e técnicos em Engenharia de Dados.",Eng. Felipe Siqueira Castro
1030,Construindo Aplicações Robustas com Governança e Padronização de Painéis de Indicadores,Curso,Business Intelligence,Avançado,1044,2026-08-12,"Neste curso aprofundado, você aprenderá de forma estruturada sobre Governança e Padronização de Painéis de Indicadores. O treinamento abrange tópicos de nível avançado, exercícios práticos e construção de projetos completos. Indicado para profissionais que desejam dominar ferramentas modernas e padrões consolidados em Business Intelligence.",Profa. Beatriz Helena Nogueira
1031,Análise Comparativa e Padrões Recomendados em APIs RESTful de Alta Performance com FastAPI,Artigo,Programação & Software,Intermediário,5,2026-08-05,"Artigo técnico detalhado que explora APIs RESTful de Alta Performance com FastAPI sob uma ótica técnica e conceitual. Focado em nível intermediário, aborda trade-offs arquiteturais, vantagens competitivas, padrões recomendados e diretrizes fundamentais para especialistas que atuam em Programação & Software.",Eng. Patrícia Moreira Viana
1032,Data Insights Ep. 58: Experiências Reais com Storytelling com Dados para Apresentações Executivas,Podcast,Business Intelligence,Básico,29,2026-09-02,"Episódio enriquecedor com debates aprofundados sobre Storytelling com Dados para Apresentações Executivas. Nesta gravação para o público de nível básico, especialistas compartilham experiências práticas, desafios reais do mercado e reflexões sobre impactos estratégicos e técnicos em Business Intelligence.",Dr. Marcelo Silveira Neves
1033,Tech Talk Ep. 63: Melhores Práticas em Processamento de Linguagem Natural (PLN),Podcast,Inteligência Artificial,Intermediário,32,2026-07-28,"Episódio enriquecedor com debates aprofundados sobre Processamento de Linguagem Natural (PLN). Nesta gravação para o público de nível intermediário, especialistas compartilham experiências práticas, desafios reais do mercado e reflexões sobre impactos estratégicos e técnicos em Inteligência Artificial.",Dra. Mariana Vasconcelos
1034,Masterclass de Auditoria e Monitoramento de Logs de Acesso para Projetos Reais,Curso,Segurança & Governança,Intermediário,999,2026-08-06,"Neste curso aprofundado, você aprenderá de forma estruturada sobre Auditoria e Monitoramento de Logs de Acesso. O treinamento abrange tópicos de nível intermediário, exercícios práticos e construção de projetos completos. Indicado para profissionais que desejam dominar ferramentas modernas e padrões consolidados em Segurança & Governança.",Dra. Camila Guimarães Rocha
1035,Guia Definitivo e Boas Práticas sobre Processamento de Linguagem Natural (PLN),Artigo,Inteligência Artificial,Básico,27,2026-07-30,"Artigo técnico detalhado que explora Processamento de Linguagem Natural (PLN) sob uma ótica técnica e conceitual. Focado em nível básico, aborda trade-offs arquiteturais, vantagens competitivas, padrões recomendados e diretrizes fundamentais para especialistas que atuam em Inteligência Artificial.",Dr. Marcelo Silveira Neves
1036,Data Insights Ep. 80: Experiências Reais com Integração Híbrida PostgreSQL e NoSQL MongoDB,Podcast,Banco de Dados,Avançado,54,2026-08-19,"Episódio enriquecedor com debates aprofundados sobre Integração Híbrida PostgreSQL e NoSQL MongoDB. Nesta gravação para o público de nível avançado, especialistas compartilham experiências práticas, desafios reais do mercado e reflexões sobre impactos estratégicos e técnicos em Banco de Dados.",Eng. Thiago Pinheiro Borges
1037,Papo de Dados Ep. 39: Desvendando Adequação à LGPD e Proteção de Dados Pessoais,Podcast,Segurança & Governança,Avançado,104,2026-07-02,"Episódio enriquecedor com debates aprofundados sobre Adequação à LGPD e Proteção de Dados Pessoais. Nesta gravação para o público de nível avançado, especialistas compartilham experiências práticas, desafios reais do mercado e reflexões sobre impactos estratégicos e técnicos em Segurança & Governança.",Prof. Elmo Batista de Faria
1038,Estudo Técnico e Decisões de Arquitetura em Estruturas de Dados e Algoritmos Eficientes,Artigo,Programação & Software,Básico,13,2026-08-09,"Artigo técnico detalhado que explora Estruturas de Dados e Algoritmos Eficientes sob uma ótica técnica e conceitual. Focado em nível básico, aborda trade-offs arquiteturais, vantagens competitivas, padrões recomendados e diretrizes fundamentais para especialistas que atuam em Programação & Software.",Prof. Lucas Fernandes Prado
1039,Estudo Técnico e Decisões de Arquitetura em Linhagem de Dados e Rastreabilidade de Origem,Artigo,Segurança & Governança,Intermediário,21,2026-09-10,"Artigo técnico detalhado que explora Linhagem de Dados e Rastreabilidade de Origem sob uma ótica técnica e conceitual. Focado em nível intermediário, aborda trade-offs arquiteturais, vantagens competitivas, padrões recomendados e diretrizes fundamentais para especialistas que atuam em Segurança & Governança.",Dra. Renata Figueiredo Melo
1040,Solucionando Desafios do Dia a Dia em Monitoramento de Performance e Acompanhamento de Metas,Vídeo,Business Intelligence,Avançado,106,2026-09-03,"Vídeo prático e objetivo apresentando a aplicação de Monitoramento de Performance e Acompanhamento de Metas. Em formato hands-on com nível avançado, o conteúdo demonstra resolução de problemas reais, passo a passo detalhado e dicas essenciais de implementação para acelerar seu domínio em Business Intelligence.",Eng. Vanessa Cristina Ramos
1005,Data Insights Ep. 76: Experiências Reais com Práticas de DataOps e Qualidade de Dados,Podcast,Engenharia de Dados,Básico,37,2026-08-13,"Episódio enriquecedor com debates aprofundados sobre Práticas de DataOps e Qualidade de Dados. Nesta gravação para o público de nível básico, especialistas compartilham experiências práticas, desafios reais do mercado e reflexões sobre impactos estratégicos e técnicos em Engenharia de Dados.",Prof. Gabriel Santana Ribeiro
1010,Princípios Essenciais e Arquitetura de Auditoria e Monitoramento de Logs de Acesso,Artigo,Segurança & Governança,Avançado,136,2026-08-14,"Artigo técnico detalhado que explora Auditoria e Monitoramento de Logs de Acesso sob uma ótica técnica e conceitual. Focado em nível básico, aborda trade-offs arquiteturais, vantagens competitivas, padrões recomendados e diretrizes fundamentais para especialistas que atuam em Segurança & Governança.",Prof. Diego Henrique Barros
7,  Data Insights Ep. 108: Experiências Reais com Auditoria e Monitoramento de Logs de Acesso  (edição revisada),podcast,SEGURANÇA & GOVERNANÇA,Avançado,86,2025-06-09,"Episódio enriquecedor com debates aprofundados sobre Auditoria e Monitoramento de Logs de Acesso. Nesta gravação para o público de nível avançado, especialistas compartilham experiências práticas, desafios reais do mercado e reflexões sobre impactos estratégicos e técnicos em Segurança & Governança.",Dra. Renata Figueiredo Melo
1041,Melhores Práticas e Arquitetura de Storytelling com Dados para Apresentações Executivas,Vídeo,Business Intelligence,Intermediário,-45,2026-08-01,"Vídeo prático e objetivo apresentando a aplicação de Storytelling com Dados para Apresentações Executivas. Em formato hands-on com nível intermediário, o conteúdo demonstra resolução de problemas reais, passo a passo detalhado e dicas essenciais de implementação para acelerar seu domínio em Business Intelligence.",Eng. Thiago Pinheiro Borges
1042,Guia Definitivo e Boas Práticas sobre Modelagem Relacional Avançada no PostgreSQL,Webinar,Banco de Dados,Intermediário,13,2026-08-01,"Artigo técnico detalhado que explora Modelagem Relacional Avançada no PostgreSQL sob uma ótica técnica e conceitual. Focado em nível intermediário, aborda trade-offs arquiteturais, vantagens competitivas, padrões recomendados e diretrizes fundamentais para especialistas que atuam em Banco de Dados.",Dra. Mariana Vasconcelos
1043,Deep Dive Ep. 81: Casos de Sucesso em Consultas e Índices GIN com JSONB no PostgreSQL,Podcast,Banco de Dados,Básico,59,31/02/2026,"Episódio enriquecedor com debates aprofundados sobre Consultas e Índices GIN com JSONB no PostgreSQL. Nesta gravação para o público de nível básico, especialistas compartilham experiências práticas, desafios reais do mercado e reflexões sobre impactos estratégicos e técnicos em Banco de Dados.",Dr. Marcelo Silveira Neves
1044,,Artigo,Business Intelligence,Intermediário,11,2026-08-01,"Artigo técnico detalhado que explora Métricas de Engajamento, Retenção e Conversão sob uma ótica técnica e conceitual. Focado em nível intermediário, aborda trade-offs arquiteturais, vantagens competitivas, padrões recomendados e diretrizes fundamentais para especialistas que atuam em Business Intelligence.",Profa. Carla Antunes Silveira
abc,Construindo Aplicações Robustas com Engenharia de Prompts e Agentes Inteligentes,Curso,Inteligência Artificial,Intermediário,693,2026-08-01,"Neste curso aprofundado, você aprenderá de forma estruturada sobre Engenharia de Prompts e Agentes Inteligentes. O treinamento abrange tópicos de nível intermediário, exercícios práticos e construção de projetos completos. Indicado para profissionais que desejam dominar ferramentas modernas e padrões consolidados em Inteligência Artificial.",Dra. Juliana Martins Fontes
1045,Papo de Dados Ep. 108: Desvendando Prevenção contra Vazamentos e Segurança em APIs,Podcast,Segurança & Governança,Avançado,76,2026/08/02,"Episódio enriquecedor com debates aprofundados sobre Prevenção contra Vazamentos e Segurança em APIs. Nesta gravação para o público de nível avançado, especialistas compartilham experiências práticas, desafios reais do mercado e reflexões sobre impactos estratégicos e técnicos em Segurança & Governança.",Eng. Rodrigo Alves Mendonça
1046,Estudo Técnico e Decisões de Arquitetura em Particionamento e Alta Disponibilidade em Bancos,Artigo,Banco de Dados,intermediario,5,2026-08-01,"Artigo técnico detalhado que explora Particionamento e Alta Disponibilidade em Bancos sob uma ótica técnica e conceitual. Focado em nível intermediário, aborda trade-offs arquiteturais, vantagens competitivas, padrões recomendados e diretrizes fundamentais para especialistas que atuam em Banco de Dados.",Prof. Lucas Fernandes Prado
