conteudo_id,titulo,tipo,nivel,carga_horaria_min,data_publicacao,descricao,autor
1,Curso Completo de Segurança de Redes e Controle de Acesso: Da Teoria à Prática,Curso,Avançado,3479,2025-03-06,"Neste curso aprofundado, você aprenderá de forma estruturada sobre Segurança de Redes e Controle de Acesso. O treinamento abrange tópicos de nível avançado, exercícios práticos e construção de projetos completos. Indicado para profissionais que desejam dominar ferramentas modernas e padrões consolidados em DevOps & Cloud.",Profa. Carla Antunes Silveira
2,Deep Dive Ep. 21: Casos de Sucesso em Linhagem de Dados e Rastreabilidade de Origem,Podcast,Básico,39,2024-10-21,"Episódio enriquecedor com debates aprofundados sobre Linhagem de Dados e Rastreabilidade de Origem. Nesta gravação para o público de nível básico, especialistas compartilham experiências práticas, desafios reais do mercado e reflexões sobre impactos estratégicos e técnicos em Segurança & Governança.",Prof. Lucas Fernandes Prado
3,Data Insights Ep. 54: Experiências Reais com Práticas de DataOps e Qualidade de Dados,Podcast,Avançado,75,2024-09-14,"Episódio enriquecedor com debates aprofundados sobre Práticas de DataOps e Qualidade de Dados. Nesta gravação para o público de nível avançado, especialistas compartilham experiências práticas, desafios reais do mercado e reflexões sobre impactos estratégicos e técnicos em Engenharia de Dados.",Eng. Thiago Pinheiro Borges
4,Guia Definitivo e Boas Práticas sobre Integração de Conectores com SQLAlchemy e Psycopg3,Artigo,Avançado,7,2025-07-24,"Artigo técnico detalhado que explora Integração de Conectores com SQLAlchemy e Psycopg3 sob uma ótica técnica e conceitual. Focado em nível avançado, aborda trade-offs arquiteturais, vantagens competitivas, padrões recomendados e diretrizes fundamentais para especialistas que atuam em Programação & Software.",Eng. Bruno César Pires
5,Análise Comparativa e Padrões Recomendados em Design de Dashboards e Eliminação de Chartjunk,Artigo,Básico,5,2026-05-18,"Artigo técnico detalhado que explora Design de Dashboards e Eliminação de Chartjunk sob uma ótica técnica e conceitual. Focado em nível básico, aborda trade-offs arquiteturais, vantagens competitivas, padrões recomendados e diretrizes fundamentais para especialistas que atuam em Business Intelligence.",Eng. Thiago Pinheiro Borges
6,Estudo Técnico e Decisões de Arquitetura em Auditoria e Monitoramento de Logs de Acesso,Artigo,Básico,22,2025-05-25,"Artigo técnico detalhado que explora Auditoria e Monitoramento de Logs de Acesso sob uma ótica técnica e conceitual. Focado em nível básico, aborda trade-offs arquiteturais, vantagens competitivas, padrões recomendados e diretrizes fundamentais para especialistas que atuam em Segurança & Governança.",Prof. Lucas Fernandes Prado
7,Data Insights Ep. 108: Experiências Reais com Auditoria e Monitoramento de Logs de Acesso,Podcast,Avançado,86,2025-06-09,"Episódio enriquecedor com debates aprofundados sobre Auditoria e Monitoramento de Logs de Acesso. Nesta gravação para o público de nível avançado, especialistas compartilham experiências práticas, desafios reais do mercado e reflexões sobre impactos estratégicos e técnicos em Segurança & Governança.",Dra. Renata Figueiredo Melo
8,Construindo Aplicações Robustas com Estatística Descritiva e Inferencial para Decisão,Curso,Básico,619,2025-04-26,"Neste curso aprofundado, você aprenderá de forma estruturada sobre Estatística Descritiva e Inferencial para Decisão. O treinamento abrange tópicos de nível básico, exercícios práticos e construção de projetos completos. Indicado para profissionais que desejam dominar ferramentas modernas e padrões consolidados em Ciência de Dados.",Dra. Mariana Vasconcelos
9,Arquitetura & Código Ep. 121: Inovações em Machine Learning Supervisionado com Scikit-Learn,Podcast,Avançado,57,2025-07-27,"Episódio enriquecedor com debates aprofundados sobre Machine Learning Supervisionado com Scikit-Learn. Nesta gravação para o público de nível avançado, especialistas compartilham experiências práticas, desafios reais do mercado e reflexões sobre impactos estratégicos e técnicos em Ciência de Dados.",Profa. Larissa Duarte Toledo
10,Princípios Essenciais e Arquitetura de Auditoria e Monitoramento de Logs de Acesso,Artigo,Intermediário,13,2024-01-10,"Artigo técnico detalhado que explora Auditoria e Monitoramento de Logs de Acesso sob uma ótica técnica e conceitual. Focado em nível intermediário, aborda trade-offs arquiteturais, vantagens competitivas, padrões recomendados e diretrizes fundamentais para especialistas que atuam em Segurança & Governança.",Dra. Camila Guimarães Rocha
11,Análise Prática e Demonstração de Prevenção contra Vazamentos e Segurança em APIs,Vídeo,Intermediário,46,2025-12-10,"Vídeo prático e objetivo apresentando a aplicação de Prevenção contra Vazamentos e Segurança em APIs. Em formato hands-on com nível intermediário, o conteúdo demonstra resolução de problemas reais, passo a passo detalhado e dicas essenciais de implementação para acelerar seu domínio em Segurança & Governança.",Prof. Diego Henrique Barros
12,Papo de Dados Ep. 75: Desvendando Auditoria e Monitoramento de Logs de Acesso,Podcast,Avançado,65,2025-04-13,"Episódio enriquecedor com debates aprofundados sobre Auditoria e Monitoramento de Logs de Acesso. Nesta gravação para o público de nível avançado, especialistas compartilham experiências práticas, desafios reais do mercado e reflexões sobre impactos estratégicos e técnicos em Segurança & Governança.",Prof. Lucas Fernandes Prado
13,Arquitetura & Código Ep. 123: Inovações em Design de Dashboards e Eliminação de Chartjunk,Podcast,Básico,33,2025-10-26,"Episódio enriquecedor com debates aprofundados sobre Design de Dashboards e Eliminação de Chartjunk. Nesta gravação para o público de nível básico, especialistas compartilham experiências práticas, desafios reais do mercado e reflexões sobre impactos estratégicos e técnicos em Business Intelligence.",Eng. Patrícia Moreira Viana
14,Arquitetura & Código Ep. 38: Inovações em Orquestração de Microsserviços com Kubernetes,Podcast,Básico,82,2024-01-15,"Episódio enriquecedor com debates aprofundados sobre Orquestração de Microsserviços com Kubernetes. Nesta gravação para o público de nível básico, especialistas compartilham experiências práticas, desafios reais do mercado e reflexões sobre impactos estratégicos e técnicos em DevOps & Cloud.",Eng. Rodrigo Alves Mendonça
15,Curso Completo de Governança de Dados para Aplicações de IA: Da Teoria à Prática,Curso,Avançado,2215,2024-05-03,"Neste curso aprofundado, você aprenderá de forma estruturada sobre Governança de Dados para Aplicações de IA. O treinamento abrange tópicos de nível avançado, exercícios práticos e construção de projetos completos. Indicado para profissionais que desejam dominar ferramentas modernas e padrões consolidados em Segurança & Governança.",Dr. Fernando Zanin Pacheco
16,Curso Completo de Filtros Interativos e Exploração Granular em BI: Da Teoria à Prática,Curso,Básico,683,2025-12-07,"Neste curso aprofundado, você aprenderá de forma estruturada sobre Filtros Interativos e Exploração Granular em BI. O treinamento abrange tópicos de nível básico, exercícios práticos e construção de projetos completos. Indicado para profissionais que desejam dominar ferramentas modernas e padrões consolidados em Business Intelligence.",Dra. Mariana Vasconcelos
17,Melhores Práticas e Arquitetura de Governança de Dados para Aplicações de IA,Vídeo,Básico,28,2024-03-27,"Vídeo prático e objetivo apresentando a aplicação de Governança de Dados para Aplicações de IA. Em formato hands-on com nível básico, o conteúdo demonstra resolução de problemas reais, passo a passo detalhado e dicas essenciais de implementação para acelerar seu domínio em Segurança & Governança.",Dr. Marcelo Silveira Neves
18,Melhores Práticas e Arquitetura de Estratégias de Indexação e Performance de Bancos,Vídeo,Intermediário,54,2026-04-07,"Vídeo prático e objetivo apresentando a aplicação de Estratégias de Indexação e Performance de Bancos. Em formato hands-on com nível intermediário, o conteúdo demonstra resolução de problemas reais, passo a passo detalhado e dicas essenciais de implementação para acelerar seu domínio em Banco de Dados.",Dra. Mariana Vasconcelos
19,"Solucionando Desafios do Dia a Dia em Python Avançado: POO, Decorators e Geradores",Vídeo,Básico,13,2026-05-03,"Vídeo prático e objetivo apresentando a aplicação de Python Avançado: POO, Decorators e Geradores. Em formato hands-on com nível básico, o conteúdo demonstra resolução de problemas reais, passo a passo detalhado e dicas essenciais de implementação para acelerar seu domínio em Programação & Software.",Eng. Thiago Pinheiro Borges
20,Estudo Técnico e Decisões de Arquitetura em Pipelines de Ingestão Batch e Streaming,Artigo,Avançado,26,2024-11-06,"Artigo técnico detalhado que explora Pipelines de Ingestão Batch e Streaming sob uma ótica técnica e conceitual. Focado em nível avançado, aborda trade-offs arquiteturais, vantagens competitivas, padrões recomendados e diretrizes fundamentais para especialistas que atuam em Engenharia de Dados.",Eng. Vanessa Cristina Ramos
