execucao_id,executado_em,modo,teste_id,nome,dimensao,severidade,fonte,total_registros,registros_falhos,valor_medido,limite,aprovado
1cac1195-0ba2-4fd5-9cbd-5fd4b0f48bfc,2026-09-29 00:38:27.752242+00:00,manual,Q01_VALIDADE_FONTES,"Registros aprovados na validacao, por fonte",validade,critica,catalogo,1050,7,99.33,>= 90,True
1cac1195-0ba2-4fd5-9cbd-5fd4b0f48bfc,2026-09-29 00:38:27.752242+00:00,manual,Q01_VALIDADE_FONTES,"Registros aprovados na validacao, por fonte",validade,critica,comentarios,1119,59,94.73,>= 90,True
1cac1195-0ba2-4fd5-9cbd-5fd4b0f48bfc,2026-09-29 00:38:27.752242+00:00,manual,Q01_VALIDADE_FONTES,"Registros aprovados na validacao, por fonte",validade,critica,interacoes,1416,90,93.64,>= 90,True
1cac1195-0ba2-4fd5-9cbd-5fd4b0f48bfc,2026-09-29 00:38:27.752242+00:00,manual,Q01_VALIDADE_FONTES,"Registros aprovados na validacao, por fonte",validade,critica,recomendacoes,1200,0,100.00,>= 90,True
1cac1195-0ba2-4fd5-9cbd-5fd4b0f48bfc,2026-09-29 00:38:27.752242+00:00,manual,Q01_VALIDADE_FONTES,"Registros aprovados na validacao, por fonte",validade,critica,usuarios,180,6,96.67,>= 90,True
1cac1195-0ba2-4fd5-9cbd-5fd4b0f48bfc,2026-09-29 00:38:27.752242+00:00,manual,Q02_INTEGRIDADE_REFERENCIAS,"Eventos que referenciam usuario e conteudo existentes, por fonte",integridade_referencial,alta,comentarios,1119,1,99.91,>= 99,True
1cac1195-0ba2-4fd5-9cbd-5fd4b0f48bfc,2026-09-29 00:38:27.752242+00:00,manual,Q02_INTEGRIDADE_REFERENCIAS,"Eventos que referenciam usuario e conteudo existentes, por fonte",integridade_referencial,alta,interacoes,1416,3,99.79,>= 99,True
1cac1195-0ba2-4fd5-9cbd-5fd4b0f48bfc,2026-09-29 00:38:27.752242+00:00,manual,Q02_INTEGRIDADE_REFERENCIAS,"Eventos que referenciam usuario e conteudo existentes, por fonte",integridade_referencial,alta,recomendacoes,1200,0,100.00,>= 99,True
1cac1195-0ba2-4fd5-9cbd-5fd4b0f48bfc,2026-09-29 00:38:27.752242+00:00,manual,Q03_UNICIDADE_CHAVES,Chaves de negocio unicas na Silver,unicidade,critica,catalogo,1042,0,100.00,>= 100,True
1cac1195-0ba2-4fd5-9cbd-5fd4b0f48bfc,2026-09-29 00:38:27.752242+00:00,manual,Q03_UNICIDADE_CHAVES,Chaves de negocio unicas na Silver,unicidade,critica,comentarios,1060,0,100.00,>= 100,True
1cac1195-0ba2-4fd5-9cbd-5fd4b0f48bfc,2026-09-29 00:38:27.752242+00:00,manual,Q03_UNICIDADE_CHAVES,Chaves de negocio unicas na Silver,unicidade,critica,interacoes,1326,0,100.00,>= 100,True
1cac1195-0ba2-4fd5-9cbd-5fd4b0f48bfc,2026-09-29 00:38:27.752242+00:00,manual,Q03_UNICIDADE_CHAVES,Chaves de negocio unicas na Silver,unicidade,critica,recomendacoes,1200,0,100.00,>= 100,True
1cac1195-0ba2-4fd5-9cbd-5fd4b0f48bfc,2026-09-29 00:38:27.752242+00:00,manual,Q03_UNICIDADE_CHAVES,Chaves de negocio unicas na Silver,unicidade,critica,usuarios,173,0,100.00,>= 100,True
1cac1195-0ba2-4fd5-9cbd-5fd4b0f48bfc,2026-09-29 00:38:27.752242+00:00,manual,Q04_COMPLETUDE_CATALOGO,Conteudos com descricao e autor preenchidos,completude,media,catalogo,1042,0,100.00,>= 95,True
1cac1195-0ba2-4fd5-9cbd-5fd4b0f48bfc,2026-09-29 00:38:27.752242+00:00,manual,Q05_COMPLETUDE_USUARIOS,"Usuarios com cidade, data de cadastro e faixa etaria",completude,media,usuarios,173,0,100.00,>= 95,True
1cac1195-0ba2-4fd5-9cbd-5fd4b0f48bfc,2026-09-29 00:38:27.752242+00:00,manual,Q06_CONSISTENCIA_TEMPORAL,Eventos entre a publicacao do conteudo e o momento da execucao,consistencia,critica,comentarios,1060,0,100.00,>= 100,True
1cac1195-0ba2-4fd5-9cbd-5fd4b0f48bfc,2026-09-29 00:38:27.752242+00:00,manual,Q06_CONSISTENCIA_TEMPORAL,Eventos entre a publicacao do conteudo e o momento da execucao,consistencia,critica,interacoes,1326,0,100.00,>= 100,True
1cac1195-0ba2-4fd5-9cbd-5fd4b0f48bfc,2026-09-29 00:38:27.752242+00:00,manual,Q07_COBERTURA_DADOS_MESTRES,Usuarios associados a uma pessoa (dado mestre),integridade_referencial,critica,usuarios,173,0,100.00,>= 100,True
fc6374ce-5b9b-45b6-bf6a-f5dbed4d3530,2026-09-29 00:39:02.088279+00:00,manual,Q01_VALIDADE_FONTES,"Registros aprovados na validacao, por fonte",validade,critica,catalogo,1050,4,99.62,>= 90,True
fc6374ce-5b9b-45b6-bf6a-f5dbed4d3530,2026-09-29 00:39:02.088279+00:00,manual,Q01_VALIDADE_FONTES,"Registros aprovados na validacao, por fonte",validade,critica,comentarios,1119,58,94.82,>= 90,True
fc6374ce-5b9b-45b6-bf6a-f5dbed4d3530,2026-09-29 00:39:02.088279+00:00,manual,Q01_VALIDADE_FONTES,"Registros aprovados na validacao, por fonte",validade,critica,interacoes,1416,88,93.79,>= 90,True
fc6374ce-5b9b-45b6-bf6a-f5dbed4d3530,2026-09-29 00:39:02.088279+00:00,manual,Q01_VALIDADE_FONTES,"Registros aprovados na validacao, por fonte",validade,critica,recomendacoes,1200,0,100.00,>= 90,True
fc6374ce-5b9b-45b6-bf6a-f5dbed4d3530,2026-09-29 00:39:02.088279+00:00,manual,Q01_VALIDADE_FONTES,"Registros aprovados na validacao, por fonte",validade,critica,usuarios,180,5,97.22,>= 90,True
fc6374ce-5b9b-45b6-bf6a-f5dbed4d3530,2026-09-29 00:39:02.088279+00:00,manual,Q02_INTEGRIDADE_REFERENCIAS,"Eventos que referenciam usuario e conteudo existentes, por fonte",integridade_referencial,alta,comentarios,1119,1,99.91,>= 99,True
fc6374ce-5b9b-45b6-bf6a-f5dbed4d3530,2026-09-29 00:39:02.088279+00:00,manual,Q02_INTEGRIDADE_REFERENCIAS,"Eventos que referenciam usuario e conteudo existentes, por fonte",integridade_referencial,alta,interacoes,1416,2,99.86,>= 99,True
fc6374ce-5b9b-45b6-bf6a-f5dbed4d3530,2026-09-29 00:39:02.088279+00:00,manual,Q02_INTEGRIDADE_REFERENCIAS,"Eventos que referenciam usuario e conteudo existentes, por fonte",integridade_referencial,alta,recomendacoes,1200,0,100.00,>= 99,True
fc6374ce-5b9b-45b6-bf6a-f5dbed4d3530,2026-09-29 00:39:02.088279+00:00,manual,Q03_UNICIDADE_CHAVES,Chaves de negocio unicas na Silver,unicidade,critica,catalogo,1043,0,100.00,>= 100,True
fc6374ce-5b9b-45b6-bf6a-f5dbed4d3530,2026-09-29 00:39:02.088279+00:00,manual,Q03_UNICIDADE_CHAVES,Chaves de negocio unicas na Silver,unicidade,critica,comentarios,1060,0,100.00,>= 100,True
fc6374ce-5b9b-45b6-bf6a-f5dbed4d3530,2026-09-29 00:39:02.088279+00:00,manual,Q03_UNICIDADE_CHAVES,Chaves de negocio unicas na Silver,unicidade,critica,interacoes,1327,0,100.00,>= 100,True
fc6374ce-5b9b-45b6-bf6a-f5dbed4d3530,2026-09-29 00:39:02.088279+00:00,manual,Q03_UNICIDADE_CHAVES,Chaves de negocio unicas na Silver,unicidade,critica,recomendacoes,1200,0,100.00,>= 100,True
fc6374ce-5b9b-45b6-bf6a-f5dbed4d3530,2026-09-29 00:39:02.088279+00:00,manual,Q03_UNICIDADE_CHAVES,Chaves de negocio unicas na Silver,unicidade,critica,usuarios,173,0,100.00,>= 100,True
fc6374ce-5b9b-45b6-bf6a-f5dbed4d3530,2026-09-29 00:39:02.088279+00:00,manual,Q04_COMPLETUDE_CATALOGO,Conteudos com descricao e autor preenchidos,completude,media,catalogo,1043,0,100.00,>= 95,True
fc6374ce-5b9b-45b6-bf6a-f5dbed4d3530,2026-09-29 00:39:02.088279+00:00,manual,Q05_COMPLETUDE_USUARIOS,"Usuarios com cidade, data de cadastro e faixa etaria",completude,media,usuarios,173,0,100.00,>= 95,True
fc6374ce-5b9b-45b6-bf6a-f5dbed4d3530,2026-09-29 00:39:02.088279+00:00,manual,Q06_CONSISTENCIA_TEMPORAL,Eventos entre a publicacao do conteudo e o momento da execucao,consistencia,critica,comentarios,1060,0,100.00,>= 100,True
fc6374ce-5b9b-45b6-bf6a-f5dbed4d3530,2026-09-29 00:39:02.088279+00:00,manual,Q06_CONSISTENCIA_TEMPORAL,Eventos entre a publicacao do conteudo e o momento da execucao,consistencia,critica,interacoes,1327,0,100.00,>= 100,True
fc6374ce-5b9b-45b6-bf6a-f5dbed4d3530,2026-09-29 00:39:02.088279+00:00,manual,Q07_COBERTURA_DADOS_MESTRES,Usuarios associados a uma pessoa (dado mestre),integridade_referencial,critica,usuarios,173,0,100.00,>= 100,True
7dbd4209-12c0-42bf-92ff-ebe0ff16c4c1,2026-09-29 00:39:54.690312+00:00,manual,Q01_VALIDADE_FONTES,"Registros aprovados na validacao, por fonte",validade,critica,catalogo,1050,4,99.62,>= 90,True
7dbd4209-12c0-42bf-92ff-ebe0ff16c4c1,2026-09-29 00:39:54.690312+00:00,manual,Q01_VALIDADE_FONTES,"Registros aprovados na validacao, por fonte",validade,critica,comentarios,1119,57,94.91,>= 90,True
7dbd4209-12c0-42bf-92ff-ebe0ff16c4c1,2026-09-29 00:39:54.690312+00:00,manual,Q01_VALIDADE_FONTES,"Registros aprovados na validacao, por fonte",validade,critica,interacoes,1416,88,93.79,>= 90,True
7dbd4209-12c0-42bf-92ff-ebe0ff16c4c1,2026-09-29 00:39:54.690312+00:00,manual,Q01_VALIDADE_FONTES,"Registros aprovados na validacao, por fonte",validade,critica,recomendacoes,1200,0,100.00,>= 90,True
7dbd4209-12c0-42bf-92ff-ebe0ff16c4c1,2026-09-29 00:39:54.690312+00:00,manual,Q01_VALIDADE_FONTES,"Registros aprovados na validacao, por fonte",validade,critica,usuarios,180,5,97.22,>= 90,True
7dbd4209-12c0-42bf-92ff-ebe0ff16c4c1,2026-09-29 00:39:54.690312+00:00,manual,Q02_INTEGRIDADE_REFERENCIAS,"Eventos que referenciam usuario e conteudo existentes, por fonte",integridade_referencial,alta,comentarios,1119,1,99.91,>= 99,True
7dbd4209-12c0-42bf-92ff-ebe0ff16c4c1,2026-09-29 00:39:54.690312+00:00,manual,Q02_INTEGRIDADE_REFERENCIAS,"Eventos que referenciam usuario e conteudo existentes, por fonte",integridade_referencial,alta,interacoes,1416,2,99.86,>= 99,True
7dbd4209-12c0-42bf-92ff-ebe0ff16c4c1,2026-09-29 00:39:54.690312+00:00,manual,Q02_INTEGRIDADE_REFERENCIAS,"Eventos que referenciam usuario e conteudo existentes, por fonte",integridade_referencial,alta,recomendacoes,1200,0,100.00,>= 99,True
7dbd4209-12c0-42bf-92ff-ebe0ff16c4c1,2026-09-29 00:39:54.690312+00:00,manual,Q03_UNICIDADE_CHAVES,Chaves de negocio unicas na Silver,unicidade,critica,catalogo,1043,0,100.00,>= 100,True
7dbd4209-12c0-42bf-92ff-ebe0ff16c4c1,2026-09-29 00:39:54.690312+00:00,manual,Q03_UNICIDADE_CHAVES,Chaves de negocio unicas na Silver,unicidade,critica,comentarios,1061,0,100.00,>= 100,True
7dbd4209-12c0-42bf-92ff-ebe0ff16c4c1,2026-09-29 00:39:54.690312+00:00,manual,Q03_UNICIDADE_CHAVES,Chaves de negocio unicas na Silver,unicidade,critica,interacoes,1327,0,100.00,>= 100,True
7dbd4209-12c0-42bf-92ff-ebe0ff16c4c1,2026-09-29 00:39:54.690312+00:00,manual,Q03_UNICIDADE_CHAVES,Chaves de negocio unicas na Silver,unicidade,critica,recomendacoes,1200,0,100.00,>= 100,True
7dbd4209-12c0-42bf-92ff-ebe0ff16c4c1,2026-09-29 00:39:54.690312+00:00,manual,Q03_UNICIDADE_CHAVES,Chaves de negocio unicas na Silver,unicidade,critica,usuarios,173,0,100.00,>= 100,True
7dbd4209-12c0-42bf-92ff-ebe0ff16c4c1,2026-09-29 00:39:54.690312+00:00,manual,Q04_COMPLETUDE_CATALOGO,Conteudos com descricao e autor preenchidos,completude,media,catalogo,1043,0,100.00,>= 95,True
7dbd4209-12c0-42bf-92ff-ebe0ff16c4c1,2026-09-29 00:39:54.690312+00:00,manual,Q05_COMPLETUDE_USUARIOS,"Usuarios com cidade, data de cadastro e faixa etaria",completude,media,usuarios,173,0,100.00,>= 95,True
7dbd4209-12c0-42bf-92ff-ebe0ff16c4c1,2026-09-29 00:39:54.690312+00:00,manual,Q06_CONSISTENCIA_TEMPORAL,Eventos entre a publicacao do conteudo e o momento da execucao,consistencia,critica,comentarios,1061,0,100.00,>= 100,True
7dbd4209-12c0-42bf-92ff-ebe0ff16c4c1,2026-09-29 00:39:54.690312+00:00,manual,Q06_CONSISTENCIA_TEMPORAL,Eventos entre a publicacao do conteudo e o momento da execucao,consistencia,critica,interacoes,1327,0,100.00,>= 100,True
7dbd4209-12c0-42bf-92ff-ebe0ff16c4c1,2026-09-29 00:39:54.690312+00:00,manual,Q07_COBERTURA_DADOS_MESTRES,Usuarios associados a uma pessoa (dado mestre),integridade_referencial,critica,usuarios,173,0,100.00,>= 100,True
a98b2a5a-9e5e-42c9-bb59-5ded6cc09e16,2026-09-29 00:40:30.664029+00:00,manual,Q01_VALIDADE_FONTES,"Registros aprovados na validacao, por fonte",validade,critica,catalogo,1050,4,99.62,>= 99,True
a98b2a5a-9e5e-42c9-bb59-5ded6cc09e16,2026-09-29 00:40:30.664029+00:00,manual,Q01_VALIDADE_FONTES,"Registros aprovados na validacao, por fonte",validade,critica,comentarios,1119,57,94.91,>= 99,False
a98b2a5a-9e5e-42c9-bb59-5ded6cc09e16,2026-09-29 00:40:30.664029+00:00,manual,Q01_VALIDADE_FONTES,"Registros aprovados na validacao, por fonte",validade,critica,interacoes,1416,88,93.79,>= 99,False
a98b2a5a-9e5e-42c9-bb59-5ded6cc09e16,2026-09-29 00:40:30.664029+00:00,manual,Q01_VALIDADE_FONTES,"Registros aprovados na validacao, por fonte",validade,critica,recomendacoes,1200,0,100.00,>= 99,True
a98b2a5a-9e5e-42c9-bb59-5ded6cc09e16,2026-09-29 00:40:30.664029+00:00,manual,Q01_VALIDADE_FONTES,"Registros aprovados na validacao, por fonte",validade,critica,usuarios,180,5,97.22,>= 99,False
a98b2a5a-9e5e-42c9-bb59-5ded6cc09e16,2026-09-29 00:40:30.664029+00:00,manual,Q02_INTEGRIDADE_REFERENCIAS,"Eventos que referenciam usuario e conteudo existentes, por fonte",integridade_referencial,alta,comentarios,1119,1,99.91,>= 99,True
a98b2a5a-9e5e-42c9-bb59-5ded6cc09e16,2026-09-29 00:40:30.664029+00:00,manual,Q02_INTEGRIDADE_REFERENCIAS,"Eventos que referenciam usuario e conteudo existentes, por fonte",integridade_referencial,alta,interacoes,1416,2,99.86,>= 99,True
a98b2a5a-9e5e-42c9-bb59-5ded6cc09e16,2026-09-29 00:40:30.664029+00:00,manual,Q02_INTEGRIDADE_REFERENCIAS,"Eventos que referenciam usuario e conteudo existentes, por fonte",integridade_referencial,alta,recomendacoes,1200,0,100.00,>= 99,True
a98b2a5a-9e5e-42c9-bb59-5ded6cc09e16,2026-09-29 00:40:30.664029+00:00,manual,Q03_UNICIDADE_CHAVES,Chaves de negocio unicas na Silver,unicidade,critica,catalogo,1043,0,100.00,>= 100,True
a98b2a5a-9e5e-42c9-bb59-5ded6cc09e16,2026-09-29 00:40:30.664029+00:00,manual,Q03_UNICIDADE_CHAVES,Chaves de negocio unicas na Silver,unicidade,critica,comentarios,1061,0,100.00,>= 100,True
a98b2a5a-9e5e-42c9-bb59-5ded6cc09e16,2026-09-29 00:40:30.664029+00:00,manual,Q03_UNICIDADE_CHAVES,Chaves de negocio unicas na Silver,unicidade,critica,interacoes,1327,0,100.00,>= 100,True
a98b2a5a-9e5e-42c9-bb59-5ded6cc09e16,2026-09-29 00:40:30.664029+00:00,manual,Q03_UNICIDADE_CHAVES,Chaves de negocio unicas na Silver,unicidade,critica,recomendacoes,1200,0,100.00,>= 100,True
a98b2a5a-9e5e-42c9-bb59-5ded6cc09e16,2026-09-29 00:40:30.664029+00:00,manual,Q03_UNICIDADE_CHAVES,Chaves de negocio unicas na Silver,unicidade,critica,usuarios,173,0,100.00,>= 100,True
a98b2a5a-9e5e-42c9-bb59-5ded6cc09e16,2026-09-29 00:40:30.664029+00:00,manual,Q04_COMPLETUDE_CATALOGO,Conteudos com descricao e autor preenchidos,completude,media,catalogo,1043,0,100.00,>= 95,True
a98b2a5a-9e5e-42c9-bb59-5ded6cc09e16,2026-09-29 00:40:30.664029+00:00,manual,Q05_COMPLETUDE_USUARIOS,"Usuarios com cidade, data de cadastro e faixa etaria",completude,media,usuarios,173,0,100.00,>= 95,True
a98b2a5a-9e5e-42c9-bb59-5ded6cc09e16,2026-09-29 00:40:30.664029+00:00,manual,Q06_CONSISTENCIA_TEMPORAL,Eventos entre a publicacao do conteudo e o momento da execucao,consistencia,critica,comentarios,1061,0,100.00,>= 100,True
a98b2a5a-9e5e-42c9-bb59-5ded6cc09e16,2026-09-29 00:40:30.664029+00:00,manual,Q06_CONSISTENCIA_TEMPORAL,Eventos entre a publicacao do conteudo e o momento da execucao,consistencia,critica,interacoes,1327,0,100.00,>= 100,True
a98b2a5a-9e5e-42c9-bb59-5ded6cc09e16,2026-09-29 00:40:30.664029+00:00,manual,Q07_COBERTURA_DADOS_MESTRES,Usuarios associados a uma pessoa (dado mestre),integridade_referencial,critica,usuarios,173,0,100.00,>= 100,True
a2f8a3b3-1852-4e3d-864c-36a4f479fca0,2026-09-29 00:40:55.040987+00:00,manual,Q01_VALIDADE_FONTES,"Registros aprovados na validacao, por fonte",validade,critica,catalogo,1050,4,99.62,>= 90,True
a2f8a3b3-1852-4e3d-864c-36a4f479fca0,2026-09-29 00:40:55.040987+00:00,manual,Q01_VALIDADE_FONTES,"Registros aprovados na validacao, por fonte",validade,critica,comentarios,1119,57,94.91,>= 90,True
a2f8a3b3-1852-4e3d-864c-36a4f479fca0,2026-09-29 00:40:55.040987+00:00,manual,Q01_VALIDADE_FONTES,"Registros aprovados na validacao, por fonte",validade,critica,interacoes,1416,88,93.79,>= 90,True
a2f8a3b3-1852-4e3d-864c-36a4f479fca0,2026-09-29 00:40:55.040987+00:00,manual,Q01_VALIDADE_FONTES,"Registros aprovados na validacao, por fonte",validade,critica,recomendacoes,1200,0,100.00,>= 90,True
a2f8a3b3-1852-4e3d-864c-36a4f479fca0,2026-09-29 00:40:55.040987+00:00,manual,Q01_VALIDADE_FONTES,"Registros aprovados na validacao, por fonte",validade,critica,usuarios,180,5,97.22,>= 90,True
a2f8a3b3-1852-4e3d-864c-36a4f479fca0,2026-09-29 00:40:55.040987+00:00,manual,Q02_INTEGRIDADE_REFERENCIAS,"Eventos que referenciam usuario e conteudo existentes, por fonte",integridade_referencial,alta,comentarios,1119,1,99.91,>= 99,True
a2f8a3b3-1852-4e3d-864c-36a4f479fca0,2026-09-29 00:40:55.040987+00:00,manual,Q02_INTEGRIDADE_REFERENCIAS,"Eventos que referenciam usuario e conteudo existentes, por fonte",integridade_referencial,alta,interacoes,1416,2,99.86,>= 99,True
a2f8a3b3-1852-4e3d-864c-36a4f479fca0,2026-09-29 00:40:55.040987+00:00,manual,Q02_INTEGRIDADE_REFERENCIAS,"Eventos que referenciam usuario e conteudo existentes, por fonte",integridade_referencial,alta,recomendacoes,1200,0,100.00,>= 99,True
a2f8a3b3-1852-4e3d-864c-36a4f479fca0,2026-09-29 00:40:55.040987+00:00,manual,Q03_UNICIDADE_CHAVES,Chaves de negocio unicas na Silver,unicidade,critica,catalogo,1043,0,100.00,>= 100,True
a2f8a3b3-1852-4e3d-864c-36a4f479fca0,2026-09-29 00:40:55.040987+00:00,manual,Q03_UNICIDADE_CHAVES,Chaves de negocio unicas na Silver,unicidade,critica,comentarios,1061,0,100.00,>= 100,True
a2f8a3b3-1852-4e3d-864c-36a4f479fca0,2026-09-29 00:40:55.040987+00:00,manual,Q03_UNICIDADE_CHAVES,Chaves de negocio unicas na Silver,unicidade,critica,interacoes,1327,0,100.00,>= 100,True
a2f8a3b3-1852-4e3d-864c-36a4f479fca0,2026-09-29 00:40:55.040987+00:00,manual,Q03_UNICIDADE_CHAVES,Chaves de negocio unicas na Silver,unicidade,critica,recomendacoes,1200,0,100.00,>= 100,True
a2f8a3b3-1852-4e3d-864c-36a4f479fca0,2026-09-29 00:40:55.040987+00:00,manual,Q03_UNICIDADE_CHAVES,Chaves de negocio unicas na Silver,unicidade,critica,usuarios,173,0,100.00,>= 100,True
a2f8a3b3-1852-4e3d-864c-36a4f479fca0,2026-09-29 00:40:55.040987+00:00,manual,Q04_COMPLETUDE_CATALOGO,Conteudos com descricao e autor preenchidos,completude,media,catalogo,1043,0,100.00,>= 95,True
a2f8a3b3-1852-4e3d-864c-36a4f479fca0,2026-09-29 00:40:55.040987+00:00,manual,Q05_COMPLETUDE_USUARIOS,"Usuarios com cidade, data de cadastro e faixa etaria",completude,media,usuarios,173,0,100.00,>= 95,True
a2f8a3b3-1852-4e3d-864c-36a4f479fca0,2026-09-29 00:40:55.040987+00:00,manual,Q06_CONSISTENCIA_TEMPORAL,Eventos entre a publicacao do conteudo e o momento da execucao,consistencia,critica,comentarios,1061,0,100.00,>= 100,True
a2f8a3b3-1852-4e3d-864c-36a4f479fca0,2026-09-29 00:40:55.040987+00:00,manual,Q06_CONSISTENCIA_TEMPORAL,Eventos entre a publicacao do conteudo e o momento da execucao,consistencia,critica,interacoes,1327,0,100.00,>= 100,True
a2f8a3b3-1852-4e3d-864c-36a4f479fca0,2026-09-29 00:40:55.040987+00:00,manual,Q07_COBERTURA_DADOS_MESTRES,Usuarios associados a uma pessoa (dado mestre),integridade_referencial,critica,usuarios,173,0,100.00,>= 100,True
5696f833-18ca-47bb-bf57-b6bf6b57699f,2026-09-29 02:15:19.980113+00:00,manual,Q01_VALIDADE_FONTES,"Registros aprovados na validacao, por fonte",validade,critica,catalogo,1050,4,99.62,>= 90,True
5696f833-18ca-47bb-bf57-b6bf6b57699f,2026-09-29 02:15:19.980113+00:00,manual,Q01_VALIDADE_FONTES,"Registros aprovados na validacao, por fonte",validade,critica,comentarios,1119,57,94.91,>= 90,True
5696f833-18ca-47bb-bf57-b6bf6b57699f,2026-09-29 02:15:19.980113+00:00,manual,Q01_VALIDADE_FONTES,"Registros aprovados na validacao, por fonte",validade,critica,interacoes,1416,88,93.79,>= 90,True
5696f833-18ca-47bb-bf57-b6bf6b57699f,2026-09-29 02:15:19.980113+00:00,manual,Q01_VALIDADE_FONTES,"Registros aprovados na validacao, por fonte",validade,critica,recomendacoes,1200,0,100.00,>= 90,True
5696f833-18ca-47bb-bf57-b6bf6b57699f,2026-09-29 02:15:19.980113+00:00,manual,Q01_VALIDADE_FONTES,"Registros aprovados na validacao, por fonte",validade,critica,usuarios,180,5,97.22,>= 90,True
5696f833-18ca-47bb-bf57-b6bf6b57699f,2026-09-29 02:15:19.980113+00:00,manual,Q02_INTEGRIDADE_REFERENCIAS,"Eventos que referenciam usuario e conteudo existentes, por fonte",integridade_referencial,alta,comentarios,1119,1,99.91,>= 99,True
5696f833-18ca-47bb-bf57-b6bf6b57699f,2026-09-29 02:15:19.980113+00:00,manual,Q02_INTEGRIDADE_REFERENCIAS,"Eventos que referenciam usuario e conteudo existentes, por fonte",integridade_referencial,alta,interacoes,1416,2,99.86,>= 99,True
5696f833-18ca-47bb-bf57-b6bf6b57699f,2026-09-29 02:15:19.980113+00:00,manual,Q02_INTEGRIDADE_REFERENCIAS,"Eventos que referenciam usuario e conteudo existentes, por fonte",integridade_referencial,alta,recomendacoes,1200,0,100.00,>= 99,True
5696f833-18ca-47bb-bf57-b6bf6b57699f,2026-09-29 02:15:19.980113+00:00,manual,Q03_UNICIDADE_CHAVES,Chaves de negocio unicas na Silver,unicidade,critica,catalogo,1043,0,100.00,>= 100,True
5696f833-18ca-47bb-bf57-b6bf6b57699f,2026-09-29 02:15:19.980113+00:00,manual,Q03_UNICIDADE_CHAVES,Chaves de negocio unicas na Silver,unicidade,critica,comentarios,1061,0,100.00,>= 100,True
5696f833-18ca-47bb-bf57-b6bf6b57699f,2026-09-29 02:15:19.980113+00:00,manual,Q03_UNICIDADE_CHAVES,Chaves de negocio unicas na Silver,unicidade,critica,interacoes,1327,0,100.00,>= 100,True
5696f833-18ca-47bb-bf57-b6bf6b57699f,2026-09-29 02:15:19.980113+00:00,manual,Q03_UNICIDADE_CHAVES,Chaves de negocio unicas na Silver,unicidade,critica,recomendacoes,1200,0,100.00,>= 100,True
5696f833-18ca-47bb-bf57-b6bf6b57699f,2026-09-29 02:15:19.980113+00:00,manual,Q03_UNICIDADE_CHAVES,Chaves de negocio unicas na Silver,unicidade,critica,usuarios,173,0,100.00,>= 100,True
5696f833-18ca-47bb-bf57-b6bf6b57699f,2026-09-29 02:15:19.980113+00:00,manual,Q04_COMPLETUDE_CATALOGO,Conteudos com descricao e autor preenchidos,completude,media,catalogo,1043,0,100.00,>= 95,True
5696f833-18ca-47bb-bf57-b6bf6b57699f,2026-09-29 02:15:19.980113+00:00,manual,Q05_COMPLETUDE_USUARIOS,"Usuarios com cidade, data de cadastro e faixa etaria",completude,media,usuarios,173,0,100.00,>= 95,True
5696f833-18ca-47bb-bf57-b6bf6b57699f,2026-09-29 02:15:19.980113+00:00,manual,Q06_CONSISTENCIA_TEMPORAL,Eventos entre a publicacao do conteudo e o momento da execucao,consistencia,critica,comentarios,1061,0,100.00,>= 100,True
5696f833-18ca-47bb-bf57-b6bf6b57699f,2026-09-29 02:15:19.980113+00:00,manual,Q06_CONSISTENCIA_TEMPORAL,Eventos entre a publicacao do conteudo e o momento da execucao,consistencia,critica,interacoes,1327,0,100.00,>= 100,True
5696f833-18ca-47bb-bf57-b6bf6b57699f,2026-09-29 02:15:19.980113+00:00,manual,Q07_COBERTURA_DADOS_MESTRES,Usuarios associados a uma pessoa (dado mestre),integridade_referencial,critica,usuarios,173,0,100.00,>= 100,True
